BEGIN TRANSACTION;
CREATE TABLE "schema_migrations" ("version" varchar(255) NOT NULL);
INSERT INTO "schema_migrations" VALUES('20100422185306');
INSERT INTO "schema_migrations" VALUES('20100422190448');
INSERT INTO "schema_migrations" VALUES('20100423172537');
INSERT INTO "schema_migrations" VALUES('20100423173557');
INSERT INTO "schema_migrations" VALUES('20100424185829');
INSERT INTO "schema_migrations" VALUES('20100424185920');
INSERT INTO "schema_migrations" VALUES('20100509223602');
INSERT INTO "schema_migrations" VALUES('20100511180701');
INSERT INTO "schema_migrations" VALUES('20100523223133');
INSERT INTO "schema_migrations" VALUES('20100527171413');
INSERT INTO "schema_migrations" VALUES('20100527171901');
INSERT INTO "schema_migrations" VALUES('20100527180437');
INSERT INTO "schema_migrations" VALUES('20100602172759');
INSERT INTO "schema_migrations" VALUES('20100603133320');
INSERT INTO "schema_migrations" VALUES('20100603134041');
INSERT INTO "schema_migrations" VALUES('20100603135107');
INSERT INTO "schema_migrations" VALUES('20100603135545');
INSERT INTO "schema_migrations" VALUES('20100606174525');
INSERT INTO "schema_migrations" VALUES('20100608132454');
INSERT INTO "schema_migrations" VALUES('20100722171921');
INSERT INTO "schema_migrations" VALUES('20100819071809');
INSERT INTO "schema_migrations" VALUES('20100822121615');
INSERT INTO "schema_migrations" VALUES('20100822150746');
INSERT INTO "schema_migrations" VALUES('20100822215843');
INSERT INTO "schema_migrations" VALUES('20100824130323');
INSERT INTO "schema_migrations" VALUES('20100824131918');
INSERT INTO "schema_migrations" VALUES('20100825072314');
INSERT INTO "schema_migrations" VALUES('20100826133822');
CREATE TABLE "pages" ("id" INTEGER PRIMARY KEY AUTOINCREMENT NOT NULL, "name" varchar(255), "created_at" datetime, "updated_at" datetime, "content" varchar(255));
INSERT INTO "pages" VALUES(2,'About us','2010-04-23 17:20:10','2010-08-28 09:11:02','We are a family run restaurant located in Balham in South London.');
INSERT INTO "pages" VALUES(17,'Terms and Conditions','2010-05-02 18:22:13','2010-05-02 18:22:13',NULL);
DELETE FROM sqlite_sequence;
INSERT INTO "sqlite_sequence" VALUES('pages',18);
INSERT INTO "sqlite_sequence" VALUES('elements',24);
INSERT INTO "sqlite_sequence" VALUES('menus',6);
INSERT INTO "sqlite_sequence" VALUES('dishes',28);
INSERT INTO "sqlite_sequence" VALUES('testimonials',4);
INSERT INTO "sqlite_sequence" VALUES('reservations',34);
INSERT INTO "sqlite_sequence" VALUES('galleries',3);
INSERT INTO "sqlite_sequence" VALUES('photos',33);
INSERT INTO "sqlite_sequence" VALUES('infos',1);
INSERT INTO "sqlite_sequence" VALUES('users',11);
INSERT INTO "sqlite_sequence" VALUES('offers',18);
INSERT INTO "sqlite_sequence" VALUES('people',2);
INSERT INTO "sqlite_sequence" VALUES('opening_times',7);
CREATE TABLE "elements" ("id" INTEGER PRIMARY KEY AUTOINCREMENT NOT NULL, "page_id" integer, "text" varchar(255), "created_at" datetime, "updated_at" datetime);
INSERT INTO "elements" VALUES(3,2,'This is the text for the About us page','2010-04-23 17:21:01','2010-04-23 17:21:01');
INSERT INTO "elements" VALUES(4,2,'We have been around for 7 years','2010-04-23 17:21:48','2010-05-02 09:56:11');
INSERT INTO "elements" VALUES(18,17,'You must eat everything on your plate','2010-05-02 18:24:18','2010-05-02 18:24:18');
INSERT INTO "elements" VALUES(19,17,'You must always pay for your meal','2010-05-02 18:24:46','2010-05-02 18:24:46');
INSERT INTO "elements" VALUES(20,17,'Second new field','2010-05-02 18:25:23','2010-05-02 18:25:23');
CREATE TABLE "menus" ("id" INTEGER PRIMARY KEY AUTOINCREMENT NOT NULL, "name" varchar(255), "created_at" datetime, "updated_at" datetime);
INSERT INTO "menus" VALUES(1,'Starters','2010-04-23 17:27:29','2010-04-25 15:57:22');
INSERT INTO "menus" VALUES(2,'Mains','2010-04-23 17:27:47','2010-07-01 07:32:33');
INSERT INTO "menus" VALUES(3,'Desserts','2010-04-23 17:28:17','2010-04-24 17:17:43');
INSERT INTO "menus" VALUES(4,'Wines','2010-04-23 17:28:43','2010-04-23 17:28:43');
INSERT INTO "menus" VALUES(6,'Specials','2010-04-24 16:13:42','2010-04-24 16:13:42');
CREATE TABLE "dishes" ("id" INTEGER PRIMARY KEY AUTOINCREMENT NOT NULL, "menu_id" integer, "name" varchar(255), "description" varchar(255), "price" varchar(255), "created_at" datetime, "updated_at" datetime, "position" integer);
INSERT INTO "dishes" VALUES(3,2,'Beefy Lasagne','Bolognese in sheets of lasagne pasta','£7.50','2010-04-23 18:10:51','2010-07-01 13:27:33',1);
INSERT INTO "dishes" VALUES(4,2,'Lamb Curry','Lamb chunks in spicy sauce','£7.25','2010-04-23 18:11:26','2010-07-01 13:26:55',2);
INSERT INTO "dishes" VALUES(5,3,'Ice Cream','Ice Creamy','£3.50','2010-04-23 18:12:01','2010-07-08 07:49:12',1);
INSERT INTO "dishes" VALUES(6,3,'Lemon Cheesecake','Lemony and cheesy with a biscuit base','£4.50','2010-04-23 18:12:33','2010-07-08 07:49:12',2);
INSERT INTO "dishes" VALUES(7,4,'White Zinfandel','Light and fruity','£11.75','2010-04-23 18:13:59','2010-05-10 22:11:36',2);
INSERT INTO "dishes" VALUES(8,4,'Merlot','Red and full bodied','£11.99','2010-04-23 18:14:29','2010-05-10 22:11:36',1);
INSERT INTO "dishes" VALUES(11,3,'Fruit salad','Different fruit in sugar','£4.25','2010-04-24 08:10:47','2010-05-10 21:59:25',3);
INSERT INTO "dishes" VALUES(12,6,'Butternut Squash and Pine nut risotto','Pine nuts and butternut squash in risotto','£7.50','2010-04-25 21:20:17','2010-08-27 06:33:12',1);
INSERT INTO "dishes" VALUES(13,1,'Chicken Peanut Satay','Chicken in a Peanut Sauce','£3.99','2010-05-10 17:44:18','2010-08-29 15:27:47',3);
INSERT INTO "dishes" VALUES(21,2,'Thai Green Curry','Spicy thai curry','£4.99','2010-05-30 09:03:25','2010-07-01 13:26:06',3);
INSERT INTO "dishes" VALUES(23,1,'Chicken and Sweetcorn soup','Chicken and sweetcorn in a soup','£4','2010-07-01 13:22:36','2010-08-29 15:27:47',4);
INSERT INTO "dishes" VALUES(24,1,'Spinach and Feta Filo Pie','Spinach and feta cheese layered in filo pastry','£7.99','2010-07-07 21:44:58','2010-08-29 15:27:47',2);
INSERT INTO "dishes" VALUES(26,1,'Scallops','Expensive little fishy things','£6','2010-08-03 17:15:04','2010-08-29 15:27:47',5);
INSERT INTO "dishes" VALUES(27,6,'Fillet steak','Steak cooked to your liking with your choice of sauce','£15','2010-08-27 06:32:46','2010-08-27 06:33:12',2);
INSERT INTO "dishes" VALUES(28,1,'Steak and chips','Piece of steak with some chips','£12','2010-08-29 15:27:31','2010-08-29 15:27:47',1);
CREATE TABLE "testimonials" ("id" INTEGER PRIMARY KEY AUTOINCREMENT NOT NULL, "testimonial" varchar(255), "name" varchar(255), "created_at" datetime, "updated_at" datetime);
INSERT INTO "testimonials" VALUES(1,'Had a great time, thanks very much','Nick Hibberd','2010-04-24 19:06:42','2010-04-24 19:41:42');
INSERT INTO "testimonials" VALUES(3,'Great food, even for a boring veggie like me','Shelley Heffernan','2010-04-24 19:42:07','2010-04-25 21:33:42');
INSERT INTO "testimonials" VALUES(4,'Really enjoyed this meal and would come here again','David Beckham','2010-08-28 09:19:13','2010-08-28 09:19:13');
CREATE TABLE "reservations" ("id" INTEGER PRIMARY KEY AUTOINCREMENT NOT NULL, "name" varchar(255), "email" varchar(255), "phone" varchar(255), "date" date, "time" varchar(255), "number_of_people" integer, "created_at" datetime, "updated_at" datetime);
INSERT INTO "reservations" VALUES(1,'Test','Test','Test',NULL,'8 o clock',2,'2010-05-12 22:01:36','2010-05-12 22:01:36');
INSERT INTO "reservations" VALUES(2,'Nick Hibberd','nicholashibberd@hotmail.com','07973620774','2010-12-07','8 o clock',2,'2010-05-12 22:16:32','2010-05-12 22:16:32');
INSERT INTO "reservations" VALUES(3,'Shelley Heffernan','shelley@!hotmailcm','012012301230',NULL,'8.00',2,'2010-05-12 22:19:31','2010-05-12 22:19:31');
INSERT INTO "reservations" VALUES(4,'sdasd','asdasd','asdasd',NULL,'asdasd',2,'2010-05-12 22:20:10','2010-05-12 22:20:10');
INSERT INTO "reservations" VALUES(5,'Nick Hibberd','nicholashibberd@hotmail.com','07973620774','2010-12-07','8 o clock',2,'2010-05-12 22:21:12','2010-05-12 22:21:12');
INSERT INTO "reservations" VALUES(6,'Nick Hibberd','nicholashibberd@hotmail.com','07973620774','2010-12-07','8 o clock',2,'2010-05-12 22:23:08','2010-05-12 22:23:08');
INSERT INTO "reservations" VALUES(7,'Shell','asasdasasd','01201230123',NULL,'8 o clock',2,'2010-05-12 22:23:50','2010-05-12 22:23:50');
INSERT INTO "reservations" VALUES(8,'Nick Hibberd','nicholashibberd@hotmail.com','07973620774','2010-03-06','8 o clock',2,'2010-05-12 22:24:52','2010-05-12 22:24:52');
INSERT INTO "reservations" VALUES(9,'test','test','test',NULL,'2',2,'2010-05-12 22:25:13','2010-05-12 22:25:13');
INSERT INTO "reservations" VALUES(10,'test','test','test','2010-06-05','2',2,'2010-05-12 22:26:41','2010-05-12 22:26:41');
INSERT INTO "reservations" VALUES(11,'','','',NULL,'',NULL,'2010-05-13 11:30:24','2010-05-13 11:30:24');
INSERT INTO "reservations" VALUES(12,'','','',NULL,'',NULL,'2010-05-13 11:30:32','2010-05-13 11:30:32');
INSERT INTO "reservations" VALUES(13,'','','',NULL,'',NULL,'2010-05-13 11:31:13','2010-05-13 11:31:13');
INSERT INTO "reservations" VALUES(14,'','','',NULL,'',NULL,'2010-05-13 11:31:39','2010-05-13 11:31:39');
INSERT INTO "reservations" VALUES(15,'Adam Randall','adam@hotmail.com','02340230234','2010-09-06','8:00',4,'2010-05-13 17:50:34','2010-05-13 17:50:34');
INSERT INTO "reservations" VALUES(16,'Test date long','test@test.com','01230123012','2010-05-22','8',2,'2010-05-15 17:30:34','2010-05-15 17:30:34');
INSERT INTO "reservations" VALUES(17,'Test date 30th October','test@test.com','010130123','2010-10-30','8 o clock',2,'2010-05-15 17:31:56','2010-05-15 17:31:56');
INSERT INTO "reservations" VALUES(18,'Another test res','nick@hotmail.com','02302302340','2010-07-12','7.30',2,'2010-05-16 12:35:22','2010-05-16 12:35:22');
INSERT INTO "reservations" VALUES(19,'Date today','nicholashibberd@hotmail.com','01201201230','2010-05-16','2 o clock',2,'2010-05-16 14:45:15','2010-05-16 14:45:15');
INSERT INTO "reservations" VALUES(20,'Flash test','nick@hotmail.com','02302302340','2010-07-09','8pm',2,'2010-06-12 09:26:45','2010-06-12 09:26:45');
INSERT INTO "reservations" VALUES(21,'tet','tes@tes.com','0230120','2010-06-18','2 o clock',2,'2010-06-12 09:28:06','2010-06-12 09:28:06');
INSERT INTO "reservations" VALUES(22,'tet','tes@tes.com','0230120','2010-06-18','2 o clock',2,'2010-06-12 09:29:37','2010-06-12 09:29:37');
INSERT INTO "reservations" VALUES(23,'asd','asd@sdf.com','0120123','2010-06-25','2 o clock',2,'2010-06-12 09:30:07','2010-06-12 09:30:07');
INSERT INTO "reservations" VALUES(24,'dasd','asd@sdf.com','012301230','2010-06-17','123',2,'2010-06-12 09:32:03','2010-06-12 09:32:03');
INSERT INTO "reservations" VALUES(25,'Flash test','flash@test.com','01201201230','2010-07-12','8pm',2,'2010-06-12 09:35:36','2010-06-12 09:35:36');
INSERT INTO "reservations" VALUES(26,'Time test','test@test.com','01201230','2010-07-16','21:00',2,'2010-06-12 09:40:42','2010-06-12 09:40:42');
INSERT INTO "reservations" VALUES(27,'Is the date working','date@test.com','0120120123','2010-12-31','20:00',12,'2010-06-12 09:42:05','2010-06-12 09:42:05');
INSERT INTO "reservations" VALUES(28,'Correct date test','correct@date.com','01310120121','2010-08-31','21:00',2,'2010-06-13 08:04:05','2010-06-13 08:04:05');
INSERT INTO "reservations" VALUES(29,'Mum','mum@mum.com','012012301230','2010-10-08','20:00',2,'2010-07-11 15:10:40','2010-07-11 15:10:40');
INSERT INTO "reservations" VALUES(30,'David Smith','david@smith.co.uk','02086574562','2010-12-07','20:00',2,'2010-07-17 16:50:42','2010-07-17 16:50:42');
INSERT INTO "reservations" VALUES(31,'David Smith','david@smith.co.uk','07973620774','2010-12-07','20:00',2,'2010-07-17 16:55:04','2010-07-17 16:55:04');
INSERT INTO "reservations" VALUES(32,'Aaron','aaron@ygt.com','02302340234','2010-08-13','20:00',2,'2010-08-27 18:58:12','2010-08-27 18:58:12');
INSERT INTO "reservations" VALUES(33,'Aaron','aaron@ygt.com','02302340234','2010-08-13','20:00',2,'2010-08-28 07:39:08','2010-08-28 07:39:08');
INSERT INTO "reservations" VALUES(34,'Grandpa','grandpa@walmer.com','012301230123','2010-09-10','20:00',2,'2010-08-29 15:26:10','2010-08-29 15:26:10');
CREATE TABLE "datafiles" ("id" INTEGER PRIMARY KEY AUTOINCREMENT NOT NULL, "created_at" datetime, "updated_at" datetime);
CREATE TABLE "galleries" ("id" INTEGER PRIMARY KEY AUTOINCREMENT NOT NULL, "name" varchar(255), "created_at" datetime, "updated_at" datetime);
INSERT INTO "galleries" VALUES(1,'Exterior','2010-05-27 17:15:03','2010-05-27 17:15:03');
INSERT INTO "galleries" VALUES(2,'Food','2010-05-30 09:08:18','2010-05-30 09:08:18');
INSERT INTO "galleries" VALUES(3,'Staff','2010-05-30 09:10:02','2010-05-30 09:10:02');
CREATE TABLE "photos" ("id" INTEGER PRIMARY KEY AUTOINCREMENT NOT NULL, "name" varchar(255), "gallery_id" integer, "position" integer, "created_at" datetime, "updated_at" datetime, "photo_file_name" varchar(255), "photo_content_type" varchar(255), "photo_file_size" integer, "photo_updated_at" datetime, "caption" varchar(255));
INSERT INTO "photos" VALUES(2,'New test photo',1,1,'2010-05-27 18:10:41','2010-08-19 07:29:03','Testimage.png','image/png',62543,'2010-05-27 18:10:41','This is a test caption');
INSERT INTO "photos" VALUES(4,'Second test photo',1,3,'2010-05-28 17:17:04','2010-08-19 07:30:49','dummy_venue_image.jpg','image/jpeg',48673,'2010-05-28 17:17:04','Photo of the exterior of the restaurant');
INSERT INTO "photos" VALUES(5,'Third test image',1,2,'2010-05-28 17:18:25','2010-08-19 07:31:13','homepage_offer_image.jpg','image/jpeg',17890,'2010-05-28 17:18:25','Another test caption');
INSERT INTO "photos" VALUES(11,'Test image 1',2,1,'2010-05-31 08:48:48','2010-08-19 07:31:42','antony.jpg','image/jpeg',75645,'2010-05-31 08:48:47','Test caption for second gallery');
INSERT INTO "photos" VALUES(12,'Test image 2',2,3,'2010-05-31 08:49:02','2010-07-01 13:28:17','edmund.jpg','image/jpeg',92360,'2010-05-31 08:49:02',NULL);
INSERT INTO "photos" VALUES(13,'Test image 3',2,2,'2010-05-31 08:49:14','2010-08-26 21:27:18','Bouillabaisse_fish_soup_France_-309764.jpg','image/jpeg',50477,'2010-08-26 21:27:18','This is the new caption');
INSERT INTO "photos" VALUES(14,'Test image 4',2,4,'2010-05-31 08:49:32','2010-05-31 08:49:32','placeholder.jpg','image/jpeg',133797,'2010-05-31 08:49:32',NULL);
INSERT INTO "photos" VALUES(15,'Fifth test',1,4,'2010-06-01 07:48:59','2010-06-12 09:02:43','antony.jpg','image/jpeg',75645,'2010-06-01 07:48:58',NULL);
INSERT INTO "photos" VALUES(26,'',2,5,'2010-08-01 20:30:10','2010-08-01 20:30:10','thai_broth.png','image/png',410202,'2010-08-01 20:30:10',NULL);
INSERT INTO "photos" VALUES(28,'Gallery id test',1,5,'2010-08-03 17:10:47','2010-08-03 17:10:47','thai_broth.png','image/png',410202,'2010-08-03 17:10:47',NULL);
INSERT INTO "photos" VALUES(30,'A fried steak with pepper',3,1,'2010-08-19 13:32:48','2010-08-19 13:32:48','A_fried_steak_with_pepper-861506.jpg','image/jpeg',49033,'2010-08-19 13:32:47',NULL);
INSERT INTO "photos" VALUES(31,NULL,3,2,'2010-08-19 13:33:54','2010-08-19 13:33:54','Asian_chicken_ragout_with_sprouts_and_peppers-237923.jpg','image/jpeg',48136,'2010-08-19 13:33:53','Asian chicken ragout with vegetables');
INSERT INTO "photos" VALUES(32,NULL,3,3,'2010-08-19 13:34:58','2010-08-19 13:34:58','Beef_with_spring_onions_and_gravy-405819.jpg','image/jpeg',40015,'2010-08-19 13:34:58','Beef with spring onions and gravy');
INSERT INTO "photos" VALUES(33,NULL,3,4,'2010-08-19 13:38:48','2010-08-19 13:38:48','Chicken_curry_with_rice-441709.jpg','image/jpeg',37432,'2010-08-19 13:38:48','Chicken curry with rice');
CREATE TABLE "infos" ("id" INTEGER PRIMARY KEY AUTOINCREMENT NOT NULL, "name" varchar(255), "phone" varchar(255), "address" varchar(255), "created_at" datetime, "updated_at" datetime, "content" varchar(255), "directions" varchar(255));
INSERT INTO "infos" VALUES(1,'My restaurant','01234 567 891','225 Bedford Hill, London, SW12 9HU','2010-06-02 17:30:06','2010-08-26 13:49:31','<br>We are a modern European restaurant located in the heart of Balham in South London, specialising in simple food, that’s full of character.&nbsp;<br><br>Blending the traditional with the modern, our dishes are all prepared with the freshest of seasonal ingredients, served with wine from our extensive cellar.&nbsp;<br><br>Our menus are updated every day and you can view them from this website. If you would like to make a reservation you may do so from this website, or if you would prefer you may call us on 0208 657 4563 We look forward to entertaining you soon','Our restaurant is located on Balham High Street, which is easily accessible by whichever means of transport you will be using.<br><br>Balham has both a National Rail station, which connects to London Victoria, and an underground station which serves the Northern Line.<br><br>From the station, we are halfway up the high street in the direction of Clapham (away from the railway bridge), on the right hand side of the road. It should be a 5 minute walk from the station.<br><br>If you are coming by car, there are a couple of parking spaces available immediately outside the restaurant, and there is a public pay and display car park on Church street.');
CREATE TABLE "users" ("id" INTEGER PRIMARY KEY AUTOINCREMENT NOT NULL, "name" varchar(255), "email" varchar(255), "created_at" datetime, "updated_at" datetime, "encrypted_password" varchar(255), "salt" varchar(255), "remember_token" varchar(255), "status" varchar(255));
INSERT INTO "users" VALUES(10,'admin','admin@restaurant.com','2010-06-08 13:15:05','2010-06-30 13:17:00','35ef413bfd9a02e2e3e54756be6b36f3197a865d7e3f92899c177dd2ce34676e','ac43a7d6b2fdeb529ae95aece3480e49b19bdd8b3d23a0d5422847818b9b8c73','210d3da035217d3ba4bf4b780c5749569096d9dad515e90d8999f2e3ca931964','user');
INSERT INTO "users" VALUES(11,'super','super@restaurant.com','2010-06-08 13:22:50','2010-06-10 07:44:58','56154035c55fbcfb58a29fd1716db4b8575cac39e8303cee3b1b510f097c3142','73793d701fae8d988597cf2de6c99f785a393d3e8e477000b51b53d8a6ff2b3e','74b4ec3d474a84e8cfd71980c5e67ccd3f36bbacb396d68990bb4917dd10b7f9','administrator');
CREATE TABLE "offers" ("id" INTEGER PRIMARY KEY AUTOINCREMENT NOT NULL, "title" varchar(255), "description" varchar(255), "start_date" varchar(255), "end_date" varchar(255), "created_at" datetime, "updated_at" datetime, "photo_file_name" varchar(255), "photo_content_type" varchar(255), "photo_file_size" integer, "photo_updated_at" datetime, "conditions" varchar(255));
INSERT INTO "offers" VALUES(1,'Summer 2 for 1 special offers','Two for one on main meal throughout the summer','Saturday 10 July 2010','Saturday 31 July 2010','2010-04-24 19:03:13','2010-08-26 21:35:48','Brittany_blue_lobster_tail_and_veal_sweetbread.JPG','image/jpeg',654544,'2010-08-26 21:35:47','Lorem ipsum dolor sit amet, consectetuer adipiscing elit, sed diam nonummy nibh euismod tincidunt ut laoreet dolore magna aliquam erat volutpat. Ut wisi enim ad minim veniam, quis nostrud exerci tation ullamcorper suscipit lobortis nisl ut aliquip ex ea commodo consequat. Duis autem vel eum iriure dolor in hendrerit in vulputate velit esse molestie consequat, vel illum dolore eu feugiat nulla facilisis at vero eros et accumsan et iusto odio dignissim qui blandit praesent luptatum zzril delenit augue duis dolore te feugait nulla facilisi.<br><br><span>Lorem ipsum dolor sit amet, consectetuer adipiscing elit, sed diam nonummy nibh euismod tincidunt ut laoreet dolore magna aliquam erat volutpat. Ut wisi enim ad minim veniam, quis nostrud exerci tation ullamcorper suscipit lobortis nisl ut aliquip ex ea commodo consequat. Duis autem vel eum iriure dolor in hendrerit in vulputate velit esse molestie consequat, vel illum dolore eu feugiat nulla facilisis at vero eros et accumsan et iusto odio dignissim qui blandit praesent luptatum zzril delenit augue duis dolore te feugait nulla facilisi.</span>');
INSERT INTO "offers" VALUES(3,'Monday Club','Burgers for a fiver every Monday','1st May 2010','31st December 2010','2010-04-24 19:31:36','2010-08-26 21:36:23','Chicken_madras1.jpg','image/jpeg',110163,'2010-08-26 21:36:23','');
INSERT INTO "offers" VALUES(4,'Tuesday Wine Club','Get a half price bottle of wine on Tuesdays from 7pm','1st April 2010','30th September 2010','2010-04-25 09:37:42','2010-04-25 09:37:42',NULL,NULL,NULL,NULL,NULL);
INSERT INTO "offers" VALUES(16,'Half Price Main Courses','Special offer every Monday to Thursday in 2010','January','December','2010-08-22 14:34:19','2010-08-22 14:34:19','homepage_thai_broth.png','image/png',530827,'2010-08-22 14:34:18',NULL);
INSERT INTO "offers" VALUES(17,'Photo test offer','This is a test','','','2010-08-22 17:29:14','2010-08-22 17:29:14','homepage_thai_broth.png','image/png',526485,'2010-08-22 17:29:13',NULL);
INSERT INTO "offers" VALUES(18,'New photo tests','This is a test for the new photo','','','2010-08-26 21:13:19','2010-08-26 21:32:36','Chicken_madras.jpg','image/jpeg',67508,'2010-08-26 21:13:18','');
CREATE TABLE "people" ("id" INTEGER PRIMARY KEY AUTOINCREMENT NOT NULL, "name" varchar(255), "role" varchar(255), "profile" varchar(255), "photo_file_name" varchar(255), "photo_content_type" varchar(255), "photo_file_size" integer, "photo_updated_at" datetime, "created_at" datetime, "updated_at" datetime);
INSERT INTO "people" VALUES(1,'Nick tests','test','This is a test profile','Chicken_tikka_masala_Indian_chicken_dish_-403134.jpg','image/jpeg',61976,'2010-08-24 07:30:04','2010-08-23 06:30:17','2010-08-24 07:30:04');
INSERT INTO "people" VALUES(2,'Another test','chefasdasd','Lorem ipsum dolor sit amet, consectetuer adipiscing elit, sed diam nonummy nibh euismod tincidunt ut laoreet dolore magna aliquam erat volutpat. Ut wisi enim ad minim veniam, quis nostrud exerci tation ullamcorper suscipit lobortis nisl ut aliquip ex ea commodo consequat. Duis autem vel eum iriure dolor in hendrerit in vulputate velit esse molestie consequat, vel illum dolore eu feugiat nulla facilisis at vero eros et accumsan et iusto odio dignissim qui blandit praesent luptatum zzril delenit augue duis dolore te feugait nulla facilisi.<br><br><span>Lorem ipsum dolor sit amet, consectetuer adipiscing elit, sed diam nonummy nibh euismod tincidunt ut laoreet dolore magna aliquam erat volutpat. Ut wisi enim ad minim veniam, quis nostrud exerci tation ullamcorper suscipit lobortis nisl ut aliquip ex ea commodo consequat. Duis autem vel eum iriure dolor in hendrerit in vulputate velit esse molestie consequat, vel illum dolore eu feugiat nulla facilisis at vero eros et accumsan et iusto odio dignissim qui blandit praesent luptatum zzril delenit augue duis dolore te feugait nulla facilisi.</span>','chef.png','image/png',596580,'2010-08-24 07:30:25','2010-08-23 06:34:48','2010-08-24 07:30:26');
CREATE TABLE "opening_times" ("id" INTEGER PRIMARY KEY AUTOINCREMENT NOT NULL, "day" varchar(255), "open" time, "close" time, "created_at" datetime, "updated_at" datetime, "info_id" integer);
INSERT INTO "opening_times" VALUES(1,'Monday','2010-08-26 19:45:00','2010-08-26 23:30:00','2010-08-24 13:12:18','2010-08-26 07:13:51',1);
INSERT INTO "opening_times" VALUES(2,'Tuesday','2010-08-26 18:30:00','2010-08-26 23:30:00','2010-08-24 13:15:31','2010-08-26 07:13:51',1);
INSERT INTO "opening_times" VALUES(3,'Wednesday','2010-08-26 19:30:00','2010-08-26 23:30:00','2010-08-24 13:16:20','2010-08-26 07:13:51',1);
INSERT INTO "opening_times" VALUES(4,'Thursday','2010-08-26 18:00:00','2010-08-26 23:30:00','2010-08-24 13:16:43','2010-08-26 07:13:51',1);
INSERT INTO "opening_times" VALUES(5,'Friday','2010-08-26 18:00:00','2010-08-26 23:45:00','2010-08-24 13:16:55','2010-08-26 07:13:51',1);
INSERT INTO "opening_times" VALUES(6,'Saturday','2010-08-26 17:00:00','2010-08-26 00:00:00','2010-08-24 13:17:04','2010-08-26 07:13:51',1);
INSERT INTO "opening_times" VALUES(7,'Sunday','2010-08-26 17:00:00','2010-08-26 22:30:00','2010-08-24 13:17:11','2010-08-26 07:13:51',1);
CREATE UNIQUE INDEX "unique_schema_migrations" ON "schema_migrations" ("version");
CREATE UNIQUE INDEX "index_users_on_email" ON "users" ("email");
CREATE INDEX "index_users_on_remember_token" ON "users" ("remember_token");
COMMIT;
