START TRANSACTION;
CREATE TABLE schema_migrations (version varchar(255) NOT NULL);
INSERT INTO schema_migrations VALUES('20100422185306');
INSERT INTO schema_migrations VALUES('20100422190448');
INSERT INTO schema_migrations VALUES('20100423172537');
INSERT INTO schema_migrations VALUES('20100423173557');
INSERT INTO schema_migrations VALUES('20100424185829');
INSERT INTO schema_migrations VALUES('20100424185920');
INSERT INTO schema_migrations VALUES('20100509223602');
INSERT INTO schema_migrations VALUES('20100511180701');
INSERT INTO schema_migrations VALUES('20100523223133');
INSERT INTO schema_migrations VALUES('20100527171413');
INSERT INTO schema_migrations VALUES('20100527171901');
INSERT INTO schema_migrations VALUES('20100527180437');
INSERT INTO schema_migrations VALUES('20100602172759');
INSERT INTO schema_migrations VALUES('20100603133320');
INSERT INTO schema_migrations VALUES('20100603134041');
INSERT INTO schema_migrations VALUES('20100603135107');
INSERT INTO schema_migrations VALUES('20100603135545');
INSERT INTO schema_migrations VALUES('20100606174525');
INSERT INTO schema_migrations VALUES('20100608132454');
INSERT INTO schema_migrations VALUES('20100722171921');
INSERT INTO schema_migrations VALUES('20100819071809');
INSERT INTO schema_migrations VALUES('20100822121615');
INSERT INTO schema_migrations VALUES('20100822150746');
INSERT INTO schema_migrations VALUES('20100822215843');
INSERT INTO schema_migrations VALUES('20100824130323');
INSERT INTO schema_migrations VALUES('20100824131918');
INSERT INTO schema_migrations VALUES('20100825072314');
INSERT INTO schema_migrations VALUES('20100826133822');
INSERT INTO schema_migrations VALUES('20100920124924');
INSERT INTO schema_migrations VALUES('20100926170543');
INSERT INTO schema_migrations VALUES('20100926173614');
INSERT INTO schema_migrations VALUES('20100926173626');
INSERT INTO schema_migrations VALUES('20100926173643');
INSERT INTO schema_migrations VALUES('20100930171404');
INSERT INTO schema_migrations VALUES('20100930171414');
INSERT INTO schema_migrations VALUES('20100930171425');
INSERT INTO schema_migrations VALUES('20100930171432');
INSERT INTO schema_migrations VALUES('20100930171445');
INSERT INTO schema_migrations VALUES('20100930171455');
INSERT INTO schema_migrations VALUES('20100930171501');
INSERT INTO schema_migrations VALUES('20100930171509');
INSERT INTO schema_migrations VALUES('20100930171516');
INSERT INTO schema_migrations VALUES('20100930171527');
INSERT INTO schema_migrations VALUES('20100930172157');
INSERT INTO schema_migrations VALUES('20101001182325');
INSERT INTO schema_migrations VALUES('20101020164006');
INSERT INTO schema_migrations VALUES('20101212181550');
INSERT INTO schema_migrations VALUES('20101215083725');
INSERT INTO schema_migrations VALUES('20101215092418');
INSERT INTO schema_migrations VALUES('20101216191107');
INSERT INTO schema_migrations VALUES('20110123092633');
INSERT INTO schema_migrations VALUES('20110123122823');
INSERT INTO schema_migrations VALUES('20110123123015');
INSERT INTO schema_migrations VALUES('20110123123114');
INSERT INTO schema_migrations VALUES('20110123123519');
INSERT INTO schema_migrations VALUES('20110124073743');
INSERT INTO schema_migrations VALUES('20110128082853');
INSERT INTO schema_migrations VALUES('20110129085311');
INSERT INTO schema_migrations VALUES('20110130224319');
INSERT INTO schema_migrations VALUES('20110206140046');
CREATE TABLE elements (id INTEGER PRIMARY KEY AUTO_INCREMENT NOT NULL, page_id integer, text varchar(255), created_at datetime, updated_at datetime);
INSERT INTO elements VALUES(3,2,'This is the text for the About us page','2010-04-23 17:21:01','2010-04-23 17:21:01');
INSERT INTO elements VALUES(4,2,'We have been around for 7 years','2010-04-23 17:21:48','2010-05-02 09:56:11');
INSERT INTO elements VALUES(18,17,'You must eat everything on your plate','2010-05-02 18:24:18','2010-05-02 18:24:18');
INSERT INTO elements VALUES(19,17,'You must always pay for your meal','2010-05-02 18:24:46','2010-05-02 18:24:46');
INSERT INTO elements VALUES(20,17,'Second new field','2010-05-02 18:25:23','2010-05-02 18:25:23');
CREATE TABLE reservations (id INTEGER PRIMARY KEY AUTO_INCREMENT NOT NULL, name varchar(255), email varchar(255), phone varchar(255), date date, time varchar(255), number_of_people integer, created_at datetime, updated_at datetime, site_id integer);
INSERT INTO reservations VALUES(1,'Test','Test','Test',NULL,'8 o clock',2,'2010-05-12 22:01:36','2010-09-30 22:12:57',1);
INSERT INTO reservations VALUES(2,'Nick Hibberd','nicholashibberd@hotmail.com','07973620774','2010-12-07','8 o clock',2,'2010-05-12 22:16:32','2010-09-30 22:12:57',1);
INSERT INTO reservations VALUES(3,'Shelley Heffernan','shelley@!hotmailcm','012012301230',NULL,'8.00',2,'2010-05-12 22:19:31','2010-09-30 22:12:57',1);
INSERT INTO reservations VALUES(4,'sdasd','asdasd','asdasd',NULL,'asdasd',2,'2010-05-12 22:20:10','2010-09-30 22:12:57',1);
INSERT INTO reservations VALUES(5,'Nick Hibberd','nicholashibberd@hotmail.com','07973620774','2010-12-07','8 o clock',2,'2010-05-12 22:21:12','2010-09-30 22:12:57',1);
INSERT INTO reservations VALUES(6,'Nick Hibberd','nicholashibberd@hotmail.com','07973620774','2010-12-07','8 o clock',2,'2010-05-12 22:23:08','2010-09-30 22:12:57',1);
INSERT INTO reservations VALUES(7,'Shell','asasdasasd','01201230123',NULL,'8 o clock',2,'2010-05-12 22:23:50','2010-09-30 22:12:57',1);
INSERT INTO reservations VALUES(8,'Nick Hibberd','nicholashibberd@hotmail.com','07973620774','2010-03-06','8 o clock',2,'2010-05-12 22:24:52','2010-09-30 22:12:57',1);
INSERT INTO reservations VALUES(9,'test','test','test',NULL,'2',2,'2010-05-12 22:25:13','2010-09-30 22:12:57',1);
INSERT INTO reservations VALUES(10,'test','test','test','2010-06-05','2',2,'2010-05-12 22:26:41','2010-09-30 22:12:57',1);
INSERT INTO reservations VALUES(11,'','','',NULL,'',NULL,'2010-05-13 11:30:24','2010-09-30 22:12:57',1);
INSERT INTO reservations VALUES(12,'','','',NULL,'',NULL,'2010-05-13 11:30:32','2010-09-30 22:12:57',1);
INSERT INTO reservations VALUES(13,'','','',NULL,'',NULL,'2010-05-13 11:31:13','2010-09-30 22:12:57',1);
INSERT INTO reservations VALUES(14,'','','',NULL,'',NULL,'2010-05-13 11:31:39','2010-09-30 22:12:57',1);
INSERT INTO reservations VALUES(15,'Adam Randall','adam@hotmail.com','02340230234','2010-09-06','8:00',4,'2010-05-13 17:50:34','2010-09-30 22:12:57',1);
INSERT INTO reservations VALUES(16,'Test date long','test@test.com','01230123012','2010-05-22','8',2,'2010-05-15 17:30:34','2010-09-30 22:12:57',1);
INSERT INTO reservations VALUES(17,'Test date 30th October','test@test.com','010130123','2010-10-30','8 o clock',2,'2010-05-15 17:31:56','2010-09-30 22:12:57',1);
INSERT INTO reservations VALUES(18,'Another test res','nick@hotmail.com','02302302340','2010-07-12','7.30',2,'2010-05-16 12:35:22','2010-09-30 22:12:57',1);
INSERT INTO reservations VALUES(19,'Date today','nicholashibberd@hotmail.com','01201201230','2010-05-16','2 o clock',2,'2010-05-16 14:45:15','2010-09-30 22:12:57',1);
INSERT INTO reservations VALUES(20,'Flash test','nick@hotmail.com','02302302340','2010-07-09','8pm',2,'2010-06-12 09:26:45','2010-09-30 22:12:57',1);
INSERT INTO reservations VALUES(21,'tet','tes@tes.com','0230120','2010-06-18','2 o clock',2,'2010-06-12 09:28:06','2010-09-30 22:12:57',1);
INSERT INTO reservations VALUES(22,'tet','tes@tes.com','0230120','2010-06-18','2 o clock',2,'2010-06-12 09:29:37','2010-09-30 22:12:57',1);
INSERT INTO reservations VALUES(23,'asd','asd@sdf.com','0120123','2010-06-25','2 o clock',2,'2010-06-12 09:30:07','2010-09-30 22:12:57',1);
INSERT INTO reservations VALUES(24,'dasd','asd@sdf.com','012301230','2010-06-17','123',2,'2010-06-12 09:32:03','2010-09-30 22:12:57',1);
INSERT INTO reservations VALUES(25,'Flash test','flash@test.com','01201201230','2010-07-12','8pm',2,'2010-06-12 09:35:36','2010-09-30 22:12:57',1);
INSERT INTO reservations VALUES(26,'Time test','test@test.com','01201230','2010-07-16','21:00',2,'2010-06-12 09:40:42','2010-09-30 22:12:57',1);
INSERT INTO reservations VALUES(27,'Is the date working','date@test.com','0120120123','2010-12-31','20:00',12,'2010-06-12 09:42:05','2010-09-30 22:12:57',1);
INSERT INTO reservations VALUES(28,'Correct date test','correct@date.com','01310120121','2010-08-31','21:00',2,'2010-06-13 08:04:05','2010-09-30 22:12:57',1);
INSERT INTO reservations VALUES(29,'Mum','mum@mum.com','012012301230','2010-10-08','20:00',2,'2010-07-11 15:10:40','2010-09-30 22:12:57',1);
INSERT INTO reservations VALUES(30,'David Smith','david@smith.co.uk','02086574562','2010-12-07','20:00',2,'2010-07-17 16:50:42','2010-09-30 22:12:57',1);
INSERT INTO reservations VALUES(31,'David Smith','david@smith.co.uk','07973620774','2010-12-07','20:00',2,'2010-07-17 16:55:04','2010-09-30 22:12:57',1);
INSERT INTO reservations VALUES(32,'Aaron','aaron@ygt.com','02302340234','2010-08-13','20:00',2,'2010-08-27 18:58:12','2010-09-30 22:12:57',1);
INSERT INTO reservations VALUES(33,'Aaron','aaron@ygt.com','02302340234','2010-08-13','20:00',2,'2010-08-28 07:39:08','2010-09-30 22:12:57',1);
INSERT INTO reservations VALUES(34,'Grandpa','grandpa@walmer.com','012301230123','2010-09-10','20:00',2,'2010-08-29 15:26:10','2010-09-30 22:12:57',1);
INSERT INTO reservations VALUES(35,'Nick','nicholashibberd@hotmal.com',NULL,NULL,NULL,NULL,'2010-09-23 17:13:23','2010-09-30 22:12:57',1);
INSERT INTO reservations VALUES(36,'Test res','this is a test','012012301','2010-10-16','20:00',2,'2010-10-01 13:02:01','2010-10-01 13:02:01',1);
INSERT INTO reservations VALUES(37,'Test reservation fo Brasserie','nicholashibberd@hotmail.com','012012301230','2010-10-10','20:00',2,'2010-10-01 17:20:41','2010-10-01 17:20:41',2);
INSERT INTO reservations VALUES(38,'Test reservation','test@res.com','01201201230','2011-01-21','20:00',2,'2011-01-17 14:59:53','2011-01-17 14:59:53',1);
INSERT INTO reservations VALUES(39,'Test re','test@test.com','012012301230','2011-01-12','20:00',2,'2011-01-22 18:37:52','2011-01-22 18:37:52',1);
INSERT INTO reservations VALUES(40,'Test','test@test.com','912391239','2011-01-13','20:00',2,'2011-01-22 18:40:34','2011-01-22 18:40:34',1);
INSERT INTO reservations VALUES(41,'Test','test@test.com','01201230','2011-01-12','20:00',2,'2011-01-22 18:41:06','2011-01-22 18:41:06',1);
INSERT INTO reservations VALUES(42,'Nick Hibberd','nicholashibberd@hotmail.com','01201201230','2011-01-13','19:30',4,'2011-01-23 23:14:59','2011-01-23 23:14:59',5);
INSERT INTO reservations VALUES(43,'Shelley Heffernan','shelley@hotmail.com','0230120123','2011-01-19','20:00',2,'2011-01-23 23:16:22','2011-01-23 23:16:22',5);
INSERT INTO reservations VALUES(44,'Dick Hibberd','dick@hotmail.com','012012301230','2011-01-11','20:00',2,'2011-01-23 23:17:29','2011-01-23 23:17:29',5);
INSERT INTO reservations VALUES(45,'Test res','test@test.com','01201201230','2011-01-22','20:00',2,'2011-01-25 14:42:28','2011-01-25 14:42:28',5);
INSERT INTO reservations VALUES(46,'Nick','nicholashibberd@gmail.com','012012301230','2011-01-22','20:00',2,'2011-01-27 09:19:32','2011-01-27 09:19:32',4);
INSERT INTO reservations VALUES(47,'Nick','nicholashibberd@gmail.com','102301201230','2011-01-29','20:00',2,'2011-01-27 09:20:34','2011-01-27 09:20:34',4);
INSERT INTO reservations VALUES(48,'Name test','test','test','2011-01-14','20:00',NULL,'2011-01-27 09:22:19','2011-01-27 09:22:19',4);
INSERT INTO reservations VALUES(49,'Test 9','test','test','2011-01-22','20:00',2,'2011-01-27 09:22:48','2011-01-27 09:22:48',4);
INSERT INTO reservations VALUES(50,'Test','nicholashibberd@gmail.com','012012301230','2011-01-22','20:00',2,'2011-01-27 09:23:34','2011-01-27 09:23:34',4);
INSERT INTO reservations VALUES(51,'Nick Hibberd','nicholashibberd@gmail.com','012012301230','2011-01-22','20:00',2,'2011-01-27 09:25:09','2011-01-27 09:25:09',4);
INSERT INTO reservations VALUES(52,'Test reservation','nicholashibberd@hotmail.com','012301201230','2011-01-16','20:00',2,'2011-01-27 14:28:09','2011-01-27 14:28:09',5);
INSERT INTO reservations VALUES(53,'Two emails test','nicholashibberd@hotmail.com','0123012301230','2011-01-22','20:00',2,'2011-01-27 14:36:26','2011-01-27 14:36:26',5);
INSERT INTO reservations VALUES(54,'Adam','as_randall@hotmail.com','01201201230','2011-01-15','20:00',2,'2011-01-27 20:41:25','2011-01-27 20:41:25',5);
CREATE TABLE datafiles (id INTEGER PRIMARY KEY AUTO_INCREMENT NOT NULL, created_at datetime, updated_at datetime);
CREATE TABLE galleries (id INTEGER PRIMARY KEY AUTO_INCREMENT NOT NULL, name varchar(255), created_at datetime, updated_at datetime, position integer, site_id integer);
INSERT INTO galleries VALUES(36,'Food','2011-01-26 17:23:47','2011-01-26 17:23:47',NULL,1);
INSERT INTO galleries VALUES(37,'Staff','2011-01-26 17:24:14','2011-01-26 17:24:14',NULL,1);
INSERT INTO galleries VALUES(38,'Restaurant','2011-01-26 17:24:45','2011-01-26 17:24:45',NULL,1);
INSERT INTO galleries VALUES(39,'Food','2011-01-26 17:25:39','2011-01-26 17:25:39',NULL,4);
INSERT INTO galleries VALUES(40,'Staff','2011-01-26 17:26:04','2011-01-26 17:26:04',NULL,4);
INSERT INTO galleries VALUES(41,'Restaurant','2011-01-26 17:26:30','2011-01-26 17:26:30',NULL,4);
INSERT INTO galleries VALUES(42,'Food','2011-01-26 17:27:54','2011-01-26 17:27:54',NULL,5);
INSERT INTO galleries VALUES(43,'Staff','2011-01-26 17:28:23','2011-01-26 17:28:23',NULL,5);
INSERT INTO galleries VALUES(44,'Restaurant','2011-01-26 17:28:48','2011-01-26 17:28:48',NULL,5);
CREATE TABLE photos (id INTEGER PRIMARY KEY AUTO_INCREMENT NOT NULL, name varchar(255), gallery_id integer, position integer, created_at datetime, updated_at datetime, photo_file_name varchar(255), photo_content_type varchar(255), photo_file_size integer, photo_updated_at datetime, caption varchar(255));
INSERT INTO photos VALUES(203,'Curry',36,1,'2011-01-26 17:23:47','2011-01-26 17:23:47','curry.jpg','image/jpeg',19798,'2011-01-26 17:23:47','A dish of our finest curry');
INSERT INTO photos VALUES(204,'Lasagne',36,3,'2011-01-26 17:23:52','2011-02-12 08:20:10','lasagne.jpg','image/jpeg',19785,'2011-01-26 17:23:52','Piping hot lasagne straight from the oven');
INSERT INTO photos VALUES(205,'Noodles',36,2,'2011-01-26 17:23:56','2011-02-12 08:20:10','noodles.jpg','image/jpeg',19664,'2011-01-26 17:23:56','Enjoy delicious healthy noodles from our lunchtime menu');
INSERT INTO photos VALUES(206,'Pasta',36,4,'2011-01-26 17:24:02','2011-01-26 17:24:02','pasta.jpg','image/jpeg',19645,'2011-01-26 17:24:02','We have a great selection of pasta dishes to enjoy either as a main meal or a snack');
INSERT INTO photos VALUES(207,'Steak',36,5,'2011-01-26 17:24:08','2011-01-26 17:24:08','steak.jpg','image/jpeg',20129,'2011-01-26 17:24:08','Treat yourself to a luxurious steak straight from the butcher and cooked by our expert chef');
INSERT INTO photos VALUES(208,'Steve',37,1,'2011-01-26 17:24:14','2011-01-26 17:24:14','steve.jpg','image/jpeg',19869,'2011-01-26 17:24:14','Dinner is served!');
INSERT INTO photos VALUES(209,'Tony',37,2,'2011-01-26 17:24:25','2011-01-26 17:24:25','tony.jpg','image/jpeg',19941,'2011-01-26 17:24:25','Tony working hard in the kitchen');
INSERT INTO photos VALUES(210,'Waiting service',37,3,'2011-01-26 17:24:29','2011-01-26 17:24:29','waiter.jpg','image/jpeg',19875,'2011-01-26 17:24:29','Oustanding customer service from our waiting team');
INSERT INTO photos VALUES(211,'Mike',37,4,'2011-01-26 17:24:35','2011-01-26 17:24:35','mike.jpg','image/jpeg',19503,'2011-01-26 17:24:35','Mike, our head chef, receiving an order in the kitchen');
INSERT INTO photos VALUES(212,'David',37,5,'2011-01-26 17:24:39','2011-01-26 17:24:40','david.jpg','image/jpeg',19961,'2011-01-26 17:24:39','Our newest recruit David on duty in the kitchen');
INSERT INTO photos VALUES(213,'Group Table',38,1,'2011-01-26 17:24:45','2011-01-26 17:24:45','group_table.jpg','image/jpeg',19724,'2011-01-26 17:24:45','We can cater for large groups or families in a private dining room');
INSERT INTO photos VALUES(214,'Main area',38,2,'2011-01-26 17:24:49','2011-01-26 17:24:49','main_area.jpg','image/jpeg',19508,'2011-01-26 17:24:49','There is a large number of tables in the main dining area');
INSERT INTO photos VALUES(215,'Outside tables',38,3,'2011-01-26 17:24:53','2011-01-26 17:24:54','outside_tables.jpg','image/jpeg',19817,'2011-01-26 17:24:53','We have a couple of tables outside for a light lunch or morning coffee');
INSERT INTO photos VALUES(216,'Terrace',38,4,'2011-01-26 17:24:56','2011-01-26 17:24:57','terrace.jpg','image/jpeg',19950,'2011-01-26 17:24:56','We also have a terraced area out the back for outside eating on summer evenings');
INSERT INTO photos VALUES(217,'Exterior',38,5,'2011-01-26 17:25:00','2011-01-26 17:25:00','exterior.jpg','image/jpeg',19814,'2011-01-26 17:25:00','The distinctive roadside exterior of the restaurant');
INSERT INTO photos VALUES(218,'Curry',39,1,'2011-01-26 17:25:39','2011-01-26 17:25:39','curry.jpg','image/jpeg',19798,'2011-01-26 17:25:39','A dish of our finest curry');
INSERT INTO photos VALUES(219,'Lasagne',39,2,'2011-01-26 17:25:44','2011-01-26 17:25:44','lasagne.jpg','image/jpeg',19785,'2011-01-26 17:25:44','Piping hot lasagne straight from the oven');
INSERT INTO photos VALUES(220,'Noodles',39,3,'2011-01-26 17:25:48','2011-01-26 17:25:48','noodles.jpg','image/jpeg',19664,'2011-01-26 17:25:48','Enjoy delicious healthy noodles from our lunchtime menu');
INSERT INTO photos VALUES(221,'Pasta',39,4,'2011-01-26 17:25:53','2011-01-26 17:25:53','pasta.jpg','image/jpeg',19645,'2011-01-26 17:25:53','We have a great selection of pasta dishes to enjoy either as a main meal or a snack');
INSERT INTO photos VALUES(222,'Steak',39,5,'2011-01-26 17:25:58','2011-01-26 17:25:58','steak.jpg','image/jpeg',20129,'2011-01-26 17:25:58','Treat yourself to a luxurious steak straight from the butcher and cooked by our expert chef');
INSERT INTO photos VALUES(223,'Steve',40,1,'2011-01-26 17:26:04','2011-01-26 17:26:04','steve.jpg','image/jpeg',19869,'2011-01-26 17:26:04','Dinner is served!');
INSERT INTO photos VALUES(224,'Tony',40,2,'2011-01-26 17:26:10','2011-01-26 17:26:10','tony.jpg','image/jpeg',19941,'2011-01-26 17:26:10','Tony working hard in the kitchen');
INSERT INTO photos VALUES(225,'Waiting service',40,3,'2011-01-26 17:26:15','2011-01-26 17:26:15','waiter.jpg','image/jpeg',19875,'2011-01-26 17:26:15','Oustanding customer service from our waiting team');
INSERT INTO photos VALUES(226,'Mike',40,4,'2011-01-26 17:26:19','2011-01-26 17:26:19','mike.jpg','image/jpeg',19503,'2011-01-26 17:26:19','Mike, our head chef, receiving an order in the kitchen');
INSERT INTO photos VALUES(227,'David',40,5,'2011-01-26 17:26:24','2011-01-26 17:26:25','david.jpg','image/jpeg',19961,'2011-01-26 17:26:24','Our newest recruit David on duty in the kitchen');
INSERT INTO photos VALUES(228,'Group Table',41,1,'2011-01-26 17:26:30','2011-01-26 17:26:30','group_table.jpg','image/jpeg',19724,'2011-01-26 17:26:30','We can cater for large groups or families in a private dining room');
INSERT INTO photos VALUES(229,'Main area',41,2,'2011-01-26 17:26:34','2011-01-26 17:26:34','main_area.jpg','image/jpeg',19508,'2011-01-26 17:26:34','There is a large number of tables in the main dining area');
INSERT INTO photos VALUES(230,'Outside tables',41,3,'2011-01-26 17:26:39','2011-01-26 17:26:39','outside_tables.jpg','image/jpeg',19817,'2011-01-26 17:26:39','We have a couple of tables outside for a light lunch or morning coffee');
INSERT INTO photos VALUES(231,'Terrace',41,4,'2011-01-26 17:26:43','2011-01-26 17:26:43','terrace.jpg','image/jpeg',19950,'2011-01-26 17:26:43','We also have a terraced area out the back for outside eating on summer evenings');
INSERT INTO photos VALUES(232,'Exterior',41,5,'2011-01-26 17:26:48','2011-01-26 17:26:49','exterior.jpg','image/jpeg',19814,'2011-01-26 17:26:48','The distinctive roadside exterior of the restaurant');
INSERT INTO photos VALUES(233,'Curry',42,1,'2011-01-26 17:27:54','2011-01-26 17:27:54','curry.jpg','image/jpeg',19798,'2011-01-26 17:27:54','A dish of our finest curry');
INSERT INTO photos VALUES(234,'Lasagne',42,2,'2011-01-26 17:28:00','2011-01-26 17:28:00','lasagne.jpg','image/jpeg',19785,'2011-01-26 17:28:00','Piping hot lasagne straight from the oven');
INSERT INTO photos VALUES(235,'Noodles',42,3,'2011-01-26 17:28:05','2011-01-26 17:28:05','noodles.jpg','image/jpeg',19664,'2011-01-26 17:28:05','Enjoy delicious healthy noodles from our lunchtime menu');
INSERT INTO photos VALUES(236,'Pasta',42,4,'2011-01-26 17:28:11','2011-01-26 17:28:11','pasta.jpg','image/jpeg',19645,'2011-01-26 17:28:11','We have a great selection of pasta dishes to enjoy either as a main meal or a snack');
INSERT INTO photos VALUES(237,'Steak',42,5,'2011-01-26 17:28:19','2011-01-26 17:28:19','steak.jpg','image/jpeg',20129,'2011-01-26 17:28:19','Treat yourself to a luxurious steak straight from the butcher and cooked by our expert chef');
INSERT INTO photos VALUES(238,'Steve',43,1,'2011-01-26 17:28:23','2011-01-26 17:28:23','steve.jpg','image/jpeg',19869,'2011-01-26 17:28:23','Dinner is served!');
INSERT INTO photos VALUES(239,'Tony',43,2,'2011-01-26 17:28:29','2011-01-26 17:28:29','tony.jpg','image/jpeg',19941,'2011-01-26 17:28:29','Tony working hard in the kitchen');
INSERT INTO photos VALUES(240,'Waiting service',43,3,'2011-01-26 17:28:34','2011-01-26 17:28:34','waiter.jpg','image/jpeg',19875,'2011-01-26 17:28:34','Oustanding customer service from our waiting team');
INSERT INTO photos VALUES(241,'Mike',43,4,'2011-01-26 17:28:39','2011-01-26 17:28:39','mike.jpg','image/jpeg',19503,'2011-01-26 17:28:39','Mike, our head chef, receiving an order in the kitchen');
INSERT INTO photos VALUES(242,'David',43,5,'2011-01-26 17:28:43','2011-01-26 17:28:43','david.jpg','image/jpeg',19961,'2011-01-26 17:28:43','Our newest recruit David on duty in the kitchen');
INSERT INTO photos VALUES(243,'Group Table',44,1,'2011-01-26 17:28:48','2011-01-26 17:28:48','group_table.jpg','image/jpeg',19724,'2011-01-26 17:28:48','We can cater for large groups or families in a private dining room');
INSERT INTO photos VALUES(244,'Main area',44,2,'2011-01-26 17:28:50','2011-01-26 17:28:50','main_area.jpg','image/jpeg',19508,'2011-01-26 17:28:50','There is a large number of tables in the main dining area');
INSERT INTO photos VALUES(245,'Outside tables',44,3,'2011-01-26 17:28:53','2011-01-26 17:28:53','outside_tables.jpg','image/jpeg',19817,'2011-01-26 17:28:53','We have a couple of tables outside for a light lunch or morning coffee');
INSERT INTO photos VALUES(246,'Terrace',44,4,'2011-01-26 17:28:56','2011-01-26 17:28:56','terrace.jpg','image/jpeg',19950,'2011-01-26 17:28:56','We also have a terraced area out the back for outside eating on summer evenings');
INSERT INTO photos VALUES(247,'Exterior',44,5,'2011-01-26 17:28:58','2011-01-26 17:28:59','exterior.jpg','image/jpeg',19814,'2011-01-26 17:28:58','The distinctive roadside exterior of the restaurant');
CREATE TABLE users (id INTEGER PRIMARY KEY AUTO_INCREMENT NOT NULL, name varchar(255), email varchar(255), created_at datetime, updated_at datetime, encrypted_password varchar(255), salt varchar(255), remember_token varchar(255), status varchar(255), site_id integer);
INSERT INTO users VALUES(10,'admin','admin@restaurant.com','2010-06-08 13:15:05','2011-01-22 18:57:21','6afe04f1ab6a78384a7f274cfaeb9308cf38ec53d1838f71c88934e03e69038f','125effc85d626e20e34c98f503af67e3bdbff8f8c50526fb2bae8d31c51193fe','210d3da035217d3ba4bf4b780c5749569096d9dad515e90d8999f2e3ca931964','user',1);
INSERT INTO users VALUES(11,'super','super@restaurant.com','2010-06-08 13:22:50','2011-01-22 18:57:34','0a5a4f5574df94629de43ff41f57c6e14a5ab0364884d12a8b803e6cbe7f414f','6a1c9d0c9e69ed1b526f3e3fc438aa36c64b0d48198fcf39908fc0c77de30967','74b4ec3d474a84e8cfd71980c5e67ccd3f36bbacb396d68990bb4917dd10b7f9','administrator',1);
INSERT INTO users VALUES(13,'hotmailtest','nicolashibberd@hotmail.com','2010-09-09 07:34:07','2010-09-09 07:34:07','cb484389e5f1085b85f3115703c5c6ac00f48424bb426a37f590c75862947b74','ec50cdce0b73e72220dff52d50050b841b8c07affb963d888adfacf3c8c9267c',NULL,NULL,NULL);
INSERT INTO users VALUES(14,'Brasserie','brasserie@restaurant.com','2010-10-01 13:07:51','2010-10-11 22:15:09','516045990d989b784528100ef31161ebe0cd283691778abad0f529e6b4a8fe82','2fcac53fef4af08a71fd5062fe2d262534fdcef9a766ee039726ff5247a58e07','96139a8f05d677deace82332565069c3ff7a7e477ee850b73a6b34e686fb6019','administrator',2);
INSERT INTO users VALUES(17,'Brastest2','brastest2@restaurant.com','2010-10-01 17:33:58','2010-10-01 17:33:58','4a3e799ce4da68b1bbe8809ab9629e187ac873afeba84dd4c4650d75d649f8f8','bf4d07f25489acf7b7b613cb5f3dec7076e7a354fd7238f308017180238dc09e','2c3ac641f7476a0cdf702acb7ba43c7c2bacd04a447bfd78684f90fda1781264',NULL,2);
INSERT INTO users VALUES(19,'admin','admin@thegrill.com','2010-12-24 19:06:32','2010-12-24 19:07:36','47f84caa907bf8084741b70b3f62fa4212a86b796d099b782d37c354e2cf372d','fb2f1497123e7a5069a136e01a34088e6d228e2c72255c00f33c69a5565099ad','2747224d026e81afb609e7db0c527aa1620a0f93574ff121b0a7148c8aa31e12','administrator',4);
INSERT INTO users VALUES(20,'admin','admin@example.com','2011-01-29 09:11:42','2011-01-30 12:43:49','018fae99801db0c9a844c5f0b015ed531e6dd57c8f24dd66748a8265ada135c2','9714d2377017680a4023e5f6f9a0207c9c47074cdc37a806b07acd3f3047eb91','147b57f77de50b5d58406e84a49730aee6cc10256f5a3a8ff1d4eae58863c600',NULL,12);
INSERT INTO users VALUES(21,'Test3','test3@example.com','2011-01-29 10:02:33','2011-02-13 14:41:27','7148511d5b5a19d88914cf41b0ae10b79eb850790f0c3bf59ec815aa1388bdf4','2827403be3b2d636ae7ae815fec8666eb4fef6187efa5d37dfd93dfb9ace7963','4c45641cc5fd8c01b5e49ff807dab9aaeb213134cb214989ab1829f9cf0f1e3e','administrator',10);
INSERT INTO users VALUES(22,'Admin','admin@malago.com','2011-02-06 23:19:58','2011-02-06 23:19:58','429a06af5018dc95881d7447884ddbfc46c858ecc030ff60093f0b47ed6cb51f','3247ebaaf32ceb2b8c9257761b8dc252cb8111fdfd264ec940cd24c4babcc561','f827ef3c0d2bcf688261ced5a09d11ad5c0163c0b5f8213be0cb55046b13d3f7',NULL,5);
INSERT INTO users VALUES(23,'Test user1','test@example3.com','2011-02-13 11:46:05','2011-02-13 15:45:05','fb050c070abcdbd9907ea83f082dfbf4f37351217eecd5a7ebba25836fface1f','c5d2a5aa599e5901d8929ae9bec8d3e5ec320f037e80fc0d7b105bd1f334029f','feec6ffc1ad175e96997ada728efaeb0d2b6472f929ef894c554509cd4ed5046','user',10);
INSERT INTO users VALUES(24,'New user test1','user@example.com','2011-02-13 14:01:43','2011-02-13 14:44:01','3c64509a5a66ce86e1935f0e2dd05c69b6911e529b12bbb7ea532d018a594063','f1079e70f9fb329cc5d0bd522296b0e515e68e14f58a61be24c958fbde562b37','3f792c0d0581e5e9c5849ea2c9535fb71ac1cb3f1806c3d399b0893df069621c','user',10);
INSERT INTO users VALUES(25,'User status test','status@example.com','2011-02-13 14:08:35','2011-02-13 14:08:35','1dbd71a35a3056c3be8f28484b9af9d11023ec4f6e3c9eb82dc6e50421464919','567f673a8244e5c8694d043dff8140dc8c6b0bdd7449ff15e5343830ca771d4c','8819d81bafb8276fe22c39234baebdb00bab37481fc61048d1eaf1a04a51a364','user',10);
CREATE TABLE opening_times (id INTEGER PRIMARY KEY AUTO_INCREMENT NOT NULL, day varchar(255), open time, close time, created_at datetime, updated_at datetime, info_id integer, site_id integer);
INSERT INTO opening_times VALUES(1,'Monday','2010-08-26 19:45:00','2010-08-26 23:30:00','2010-08-24 13:12:18','2010-09-30 22:09:28',1,1);
INSERT INTO opening_times VALUES(2,'Tuesday','2010-08-26 18:30:00','2010-08-26 23:30:00','2010-08-24 13:15:31','2010-09-30 22:09:28',1,1);
INSERT INTO opening_times VALUES(3,'Wednesday','2010-08-26 19:30:00','2010-08-26 23:30:00','2010-08-24 13:16:20','2010-09-30 22:09:28',1,1);
INSERT INTO opening_times VALUES(4,'Thursday','2010-08-26 18:00:00','2010-08-26 23:30:00','2010-08-24 13:16:43','2010-09-30 22:09:28',1,1);
INSERT INTO opening_times VALUES(5,'Friday','2010-08-26 18:00:00','2010-08-26 23:45:00','2010-08-24 13:16:55','2010-09-30 22:09:28',1,1);
INSERT INTO opening_times VALUES(6,'Saturday','2010-08-26 17:00:00','2010-08-26 00:00:00','2010-08-24 13:17:04','2010-09-30 22:09:28',1,1);
INSERT INTO opening_times VALUES(7,'Sunday','2010-08-26 17:00:00','2010-08-26 22:30:00','2010-08-24 13:17:11','2010-09-30 22:09:28',1,1);
INSERT INTO opening_times VALUES(8,'Monday','2010-10-24 18:00:00','2010-10-24 23:00:00','2010-10-02 09:27:55','2010-10-24 12:40:58',NULL,2);
INSERT INTO opening_times VALUES(9,'Tuesday','2010-10-24 19:00:00','2010-10-24 23:00:00','2010-10-02 09:28:11','2010-10-24 12:40:58',NULL,2);
INSERT INTO opening_times VALUES(10,'Wednesday','2010-10-24 19:00:00','2010-10-24 23:00:00','2010-10-02 09:28:17','2010-10-24 12:40:58',NULL,2);
INSERT INTO opening_times VALUES(11,'Thursday','2010-10-24 19:00:00','2010-10-24 23:00:00','2010-10-02 09:28:23','2010-10-24 12:40:58',NULL,2);
INSERT INTO opening_times VALUES(12,'Friday','2010-10-24 19:00:00','2010-10-24 23:00:00','2010-10-02 09:28:29','2010-10-24 12:40:58',NULL,2);
INSERT INTO opening_times VALUES(13,'Saturday','2010-10-24 12:00:00','2010-10-24 23:00:00','2010-10-02 09:28:35','2010-10-24 12:40:58',NULL,2);
INSERT INTO opening_times VALUES(14,'Sunday','2010-10-24 18:00:00','2010-10-24 23:00:00','2010-10-02 09:28:40','2010-10-24 12:40:58',NULL,2);
INSERT INTO opening_times VALUES(22,'Monday','2011-02-13 19:00:00','2011-02-13 23:01:00','2011-01-25 22:18:37','2011-02-13 11:41:41',NULL,10);
INSERT INTO opening_times VALUES(23,'Tuesday','2011-02-13 19:00:00','2011-02-13 23:00:00','2011-01-25 22:18:37','2011-02-13 11:41:41',NULL,10);
INSERT INTO opening_times VALUES(24,'Wednesday','2011-02-13 19:00:00','2011-02-13 23:00:00','2011-01-25 22:18:37','2011-02-13 11:41:41',NULL,10);
INSERT INTO opening_times VALUES(25,'Thursday','2011-02-13 19:00:00','2011-02-13 23:00:00','2011-01-25 22:18:37','2011-02-13 11:41:41',NULL,10);
INSERT INTO opening_times VALUES(26,'Friday','2011-02-13 19:00:00','2011-02-13 23:00:00','2011-01-25 22:18:37','2011-02-13 11:41:41',NULL,10);
INSERT INTO opening_times VALUES(27,'Saturday','2011-02-13 18:00:00','2011-02-13 23:30:00','2011-01-25 22:18:37','2011-02-13 11:41:41',NULL,10);
INSERT INTO opening_times VALUES(28,'Sunday','2011-02-13 18:00:00','2011-02-13 23:30:00','2011-01-25 22:18:37','2011-02-13 11:41:41',NULL,10);
INSERT INTO opening_times VALUES(29,'Monday','2000-01-01 19:00:00','2000-01-01 23:00:00','2011-01-26 15:48:46','2011-01-26 15:48:46',NULL,11);
INSERT INTO opening_times VALUES(30,'Tuesday','2000-01-01 19:00:00','2000-01-01 23:00:00','2011-01-26 15:48:46','2011-01-26 15:48:46',NULL,11);
INSERT INTO opening_times VALUES(31,'Wednesday','2000-01-01 19:00:00','2000-01-01 23:00:00','2011-01-26 15:48:46','2011-01-26 15:48:46',NULL,11);
INSERT INTO opening_times VALUES(32,'Thursday','2000-01-01 19:00:00','2000-01-01 23:00:00','2011-01-26 15:48:47','2011-01-26 15:48:47',NULL,11);
INSERT INTO opening_times VALUES(33,'Friday','2000-01-01 19:00:00','2000-01-01 23:00:00','2011-01-26 15:48:47','2011-01-26 15:48:47',NULL,11);
INSERT INTO opening_times VALUES(34,'Saturday','2000-01-01 18:00:00','2000-01-01 23:30:00','2011-01-26 15:48:47','2011-01-26 15:48:47',NULL,11);
INSERT INTO opening_times VALUES(35,'Sunday','2000-01-01 18:00:00','2000-01-01 23:30:00','2011-01-26 15:48:47','2011-01-26 15:48:47',NULL,11);
INSERT INTO opening_times VALUES(36,'Monday','2000-01-01 19:00:00','2000-01-01 23:00:00','2011-01-26 16:09:59','2011-01-26 16:09:59',NULL,12);
INSERT INTO opening_times VALUES(37,'Tuesday','2000-01-01 19:00:00','2000-01-01 23:00:00','2011-01-26 16:09:59','2011-01-26 16:09:59',NULL,12);
INSERT INTO opening_times VALUES(38,'Wednesday','2000-01-01 19:00:00','2000-01-01 23:00:00','2011-01-26 16:09:59','2011-01-26 16:09:59',NULL,12);
INSERT INTO opening_times VALUES(39,'Thursday','2000-01-01 19:00:00','2000-01-01 23:00:00','2011-01-26 16:09:59','2011-01-26 16:09:59',NULL,12);
INSERT INTO opening_times VALUES(40,'Friday','2000-01-01 19:00:00','2000-01-01 23:00:00','2011-01-26 16:09:59','2011-01-26 16:09:59',NULL,12);
INSERT INTO opening_times VALUES(41,'Saturday','2000-01-01 18:00:00','2000-01-01 23:30:00','2011-01-26 16:09:59','2011-01-26 16:09:59',NULL,12);
INSERT INTO opening_times VALUES(42,'Sunday','2000-01-01 18:00:00','2000-01-01 23:30:00','2011-01-26 16:09:59','2011-01-26 16:09:59',NULL,12);
INSERT INTO opening_times VALUES(43,'Monday','2000-01-01 19:00:00','2000-01-01 23:00:00','2011-01-30 23:32:55','2011-01-30 23:32:55',NULL,13);
INSERT INTO opening_times VALUES(44,'Tuesday','2000-01-01 19:00:00','2000-01-01 23:00:00','2011-01-30 23:32:55','2011-01-30 23:32:55',NULL,13);
INSERT INTO opening_times VALUES(45,'Wednesday','2000-01-01 19:00:00','2000-01-01 23:00:00','2011-01-30 23:32:55','2011-01-30 23:32:55',NULL,13);
INSERT INTO opening_times VALUES(46,'Thursday','2000-01-01 19:00:00','2000-01-01 23:00:00','2011-01-30 23:32:55','2011-01-30 23:32:55',NULL,13);
INSERT INTO opening_times VALUES(47,'Friday','2000-01-01 19:00:00','2000-01-01 23:00:00','2011-01-30 23:32:55','2011-01-30 23:32:55',NULL,13);
INSERT INTO opening_times VALUES(48,'Saturday','2000-01-01 18:00:00','2000-01-01 23:30:00','2011-01-30 23:32:55','2011-01-30 23:32:55',NULL,13);
INSERT INTO opening_times VALUES(49,'Sunday','2000-01-01 18:00:00','2000-01-01 23:30:00','2011-01-30 23:32:55','2011-01-30 23:32:55',NULL,13);
CREATE TABLE pages (id INTEGER PRIMARY KEY, name varchar(255), created_at datetime, updated_at datetime, content TEXT, site_id integer);
INSERT INTO pages VALUES(2,'About us','2010-04-23 17:20:10','2010-09-30 22:10:07','We are a family run restaurant located in Balham in South London.',1);
INSERT INTO pages VALUES(17,'Terms and Conditions','2010-05-02 18:22:13','2010-09-30 22:10:07',NULL,1);
CREATE TABLE offers (id INTEGER PRIMARY KEY, title varchar(255), description TEXT, start_date varchar(255), end_date varchar(255), created_at datetime, updated_at datetime, photo_file_name varchar(255), photo_content_type varchar(255), photo_file_size integer, photo_updated_at datetime, conditions TEXT, position integer, site_id integer);
INSERT INTO offers VALUES(8,'Two for one on main meals','Get two main meals for the price of one in our summer special offer',NULL,NULL,'2011-01-26 17:23:12','2011-02-12 08:05:55','steak.jpg','image/jpeg',20129,'2011-01-26 17:23:12','Lorem ipsum dolor sit amet, consectetur adipisicing elit, sed do eiusmod tempor incididunt ut labore et dolore magna aliqua. Ut enim ad minim veniam, quis nostrud exercitation ullamco laboris nisi ut aliquip ex ea commodo consequat. Duis aute irure dolor in reprehenderit in voluptate velit esse cillum dolore eu fugiat nulla pariatur. Excepteur sint occaecat cupidatat non proident, sunt in culpa qui officia deserunt mollit anim id est laborum.',NULL,1);
INSERT INTO offers VALUES(9,'Half Price Main Courses','Buy a main course before 8pm and get it half price. Orders after 8pm will receive a half price drink',NULL,NULL,'2011-01-26 17:23:26','2011-01-26 17:23:26','curry.jpg','image/jpeg',19798,'2011-01-26 17:23:26','Lorem ipsum dolor sit amet, consectetur adipisicing elit, sed do eiusmod tempor incididunt ut labore et dolore magna aliqua. Ut enim ad minim veniam, quis nostrud exercitation ullamco laboris nisi ut aliquip ex ea commodo consequat. Duis aute irure dolor in reprehenderit in voluptate velit esse cillum dolore eu fugiat nulla pariatur. Excepteur sint occaecat cupidatat non proident, sunt in culpa qui officia deserunt mollit anim id est laborum.',NULL,1);
INSERT INTO offers VALUES(10,'Tuesday Wine Club','Enjoy a bottle of wine for just £5 when you and a friend eat every Tuesday from 7pm',NULL,NULL,'2011-01-26 17:23:32','2011-01-26 17:23:33','wine.jpg','image/jpeg',20170,'2011-01-26 17:23:32','Lorem ipsum dolor sit amet, consectetur adipisicing elit, sed do eiusmod tempor incididunt ut labore et dolore magna aliqua. Ut enim ad minim veniam, quis nostrud exercitation ullamco laboris nisi ut aliquip ex ea commodo consequat. Duis aute irure dolor in reprehenderit in voluptate velit esse cillum dolore eu fugiat nulla pariatur. Excepteur sint occaecat cupidatat non proident, sunt in culpa qui officia deserunt mollit anim id est laborum.',NULL,1);
INSERT INTO offers VALUES(11,'Plane Food Express Lunch','Visit us between 12:00 and 15:00 and enjoy an express lunch from £5, or £7.50 for two courses.',NULL,NULL,'2011-01-26 17:23:40','2011-01-26 17:23:40','pizza.jpg','image/jpeg',19275,'2011-01-26 17:23:40','Lorem ipsum dolor sit amet, consectetur adipisicing elit, sed do eiusmod tempor incididunt ut labore et dolore magna aliqua. Ut enim ad minim veniam, quis nostrud exercitation ullamco laboris nisi ut aliquip ex ea commodo consequat. Duis aute irure dolor in reprehenderit in voluptate velit esse cillum dolore eu fugiat nulla pariatur. Excepteur sint occaecat cupidatat non proident, sunt in culpa qui officia deserunt mollit anim id est laborum.',NULL,1);
INSERT INTO offers VALUES(12,'Two for one on main meals','Get two main meals for the price of one in our summer special offer',NULL,NULL,'2011-01-26 17:25:24','2011-02-11 19:45:37','steak.jpg','image/jpeg',20129,'2011-01-26 17:25:24','Lorem ipsum dolor sit amet, consectetur adipisicing elit, sed do eiusmod tempor incididunt ut labore et dolore magna aliqua. Ut enim ad minim veniam, quis nostrud exercitation ullamco laboris nisi ut aliquip ex ea commodo consequat. Duis aute irure dolor in reprehenderit in voluptate velit esse cillum dolore eu fugiat nulla pariatur. Excepteur sint occaecat cupidatat non proident, sunt in culpa qui officia deserunt mollit anim id est laborum.',2,4);
INSERT INTO offers VALUES(13,'Half Price Main Courses','Buy a main course before 8pm and get it half price. Orders after 8pm will receive a half price drink',NULL,NULL,'2011-01-26 17:25:28','2011-02-11 19:45:37','curry.jpg','image/jpeg',19798,'2011-01-26 17:25:28','Lorem ipsum dolor sit amet, consectetur adipisicing elit, sed do eiusmod tempor incididunt ut labore et dolore magna aliqua. Ut enim ad minim veniam, quis nostrud exercitation ullamco laboris nisi ut aliquip ex ea commodo consequat. Duis aute irure dolor in reprehenderit in voluptate velit esse cillum dolore eu fugiat nulla pariatur. Excepteur sint occaecat cupidatat non proident, sunt in culpa qui officia deserunt mollit anim id est laborum.',1,4);
INSERT INTO offers VALUES(14,'Tuesday Wine Club','Enjoy a bottle of wine for just £5 when you and a friend eat every Tuesday from 7pm',NULL,NULL,'2011-01-26 17:25:31','2011-01-27 20:52:08','wine.jpg','image/jpeg',20170,'2011-01-26 17:25:31','Lorem ipsum dolor sit amet, consectetur adipisicing elit, sed do eiusmod tempor incididunt ut labore et dolore magna aliqua. Ut enim ad minim veniam, quis nostrud exercitation ullamco laboris nisi ut aliquip ex ea commodo consequat. Duis aute irure dolor in reprehenderit in voluptate velit esse cillum dolore eu fugiat nulla pariatur. Excepteur sint occaecat cupidatat non proident, sunt in culpa qui officia deserunt mollit anim id est laborum.',3,4);
INSERT INTO offers VALUES(15,'The Grill Express Lunch','Visit us between 12:00 and 15:00 and enjoy an express lunch from £5, or £7.50 for two courses.',NULL,NULL,'2011-01-26 17:25:35','2011-01-27 20:52:08','pizza.jpg','image/jpeg',19275,'2011-01-26 17:25:35','Lorem ipsum dolor sit amet, consectetur adipisicing elit, sed do eiusmod tempor incididunt ut labore et dolore magna aliqua. Ut enim ad minim veniam, quis nostrud exercitation ullamco laboris nisi ut aliquip ex ea commodo consequat. Duis aute irure dolor in reprehenderit in voluptate velit esse cillum dolore eu fugiat nulla pariatur. Excepteur sint occaecat cupidatat non proident, sunt in culpa qui officia deserunt mollit anim id est laborum.',4,4);
INSERT INTO offers VALUES(16,NULL,'Get two main meals for the price of one in our summer special offer',NULL,NULL,'2011-01-26 17:27:24','2011-01-26 17:27:24','steak.jpg','image/jpeg',20129,'2011-01-26 17:27:24','Lorem ipsum dolor sit amet, consectetur adipisicing elit, sed do eiusmod tempor incididunt ut labore et dolore magna aliqua. Ut enim ad minim veniam, quis nostrud exercitation ullamco laboris nisi ut aliquip ex ea commodo consequat. Duis aute irure dolor in reprehenderit in voluptate velit esse cillum dolore eu fugiat nulla pariatur. Excepteur sint occaecat cupidatat non proident, sunt in culpa qui officia deserunt mollit anim id est laborum.',NULL,5);
INSERT INTO offers VALUES(17,'Half Price Main Courses','Buy a main course before 8pm and get it half price. Orders after 8pm will receive a half price drink',NULL,NULL,'2011-01-26 17:27:31','2011-01-26 17:27:31','curry.jpg','image/jpeg',19798,'2011-01-26 17:27:31','Lorem ipsum dolor sit amet, consectetur adipisicing elit, sed do eiusmod tempor incididunt ut labore et dolore magna aliqua. Ut enim ad minim veniam, quis nostrud exercitation ullamco laboris nisi ut aliquip ex ea commodo consequat. Duis aute irure dolor in reprehenderit in voluptate velit esse cillum dolore eu fugiat nulla pariatur. Excepteur sint occaecat cupidatat non proident, sunt in culpa qui officia deserunt mollit anim id est laborum.',NULL,5);
INSERT INTO offers VALUES(18,'Tuesday Wine Club','Enjoy a bottle of wine for just £5 when you and a friend eat every Tuesday from 7pm',NULL,NULL,'2011-01-26 17:27:39','2011-01-26 17:27:39','wine.jpg','image/jpeg',20170,'2011-01-26 17:27:39','Lorem ipsum dolor sit amet, consectetur adipisicing elit, sed do eiusmod tempor incididunt ut labore et dolore magna aliqua. Ut enim ad minim veniam, quis nostrud exercitation ullamco laboris nisi ut aliquip ex ea commodo consequat. Duis aute irure dolor in reprehenderit in voluptate velit esse cillum dolore eu fugiat nulla pariatur. Excepteur sint occaecat cupidatat non proident, sunt in culpa qui officia deserunt mollit anim id est laborum.',NULL,5);
INSERT INTO offers VALUES(19,'Malago Express Lunch','Visit us between 12:00 and 15:00 and enjoy an express lunch from £5, or £7.50 for two courses.',NULL,NULL,'2011-01-26 17:27:46','2011-01-26 17:27:46','pizza.jpg','image/jpeg',19275,'2011-01-26 17:27:46','Lorem ipsum dolor sit amet, consectetur adipisicing elit, sed do eiusmod tempor incididunt ut labore et dolore magna aliqua. Ut enim ad minim veniam, quis nostrud exercitation ullamco laboris nisi ut aliquip ex ea commodo consequat. Duis aute irure dolor in reprehenderit in voluptate velit esse cillum dolore eu fugiat nulla pariatur. Excepteur sint occaecat cupidatat non proident, sunt in culpa qui officia deserunt mollit anim id est laborum.',NULL,5);
CREATE TABLE people (id INTEGER PRIMARY KEY, name varchar(255), role varchar(255), profile TEXT, photo_file_name varchar(255), photo_content_type varchar(255), photo_file_size integer, photo_updated_at datetime, created_at datetime, updated_at datetime, position integer, site_id integer);
INSERT INTO people VALUES(1,'David','Sous chef','Lorem ipsum dolor sit amet, consectetur adipisicing elit, sed do eiusmod tempor incididunt ut labore et dolore magna aliqua. Ut enim ad minim veniam, quis nostrud exercitation ullamco laboris nisi ut aliquip ex ea commodo consequat. Duis aute irure dolor in reprehenderit in voluptate velit esse cillum dolore eu fugiat nulla pariatur. Excepteur sint occaecat cupidatat non proident, sunt in culpa qui officia deserunt mollit anim id est laborum.','david.jpg','image/jpeg',19961,'2011-01-26 17:03:19','2011-01-26 17:03:19','2011-01-26 17:03:19',NULL,NULL);
INSERT INTO people VALUES(2,'Tony','Executive chef','Lorem ipsum dolor sit amet, consectetur adipisicing elit, sed do eiusmod tempor incididunt ut labore et dolore magna aliqua. Ut enim ad minim veniam, quis nostrud exercitation ullamco laboris nisi ut aliquip ex ea commodo consequat. Duis aute irure dolor in reprehenderit in voluptate velit esse cillum dolore eu fugiat nulla pariatur. Excepteur sint occaecat cupidatat non proident, sunt in culpa qui officia deserunt mollit anim id est laborum.','tony.jpg','image/jpeg',19941,'2011-01-26 17:03:26','2011-01-26 17:03:26','2011-02-12 15:36:32',3,1);
INSERT INTO people VALUES(3,'Steve','Head chef','Lorem ipsum dolor sit amet, consectetur adipisicing elit, sed do eiusmod tempor incididunt ut labore et dolore magna aliqua. Ut enim ad minim veniam, quis nostrud exercitation ullamco laboris nisi ut aliquip ex ea commodo consequat. Duis aute irure dolor in reprehenderit in voluptate velit esse cillum dolore eu fugiat nulla pariatur. Excepteur sint occaecat cupidatat non proident, sunt in culpa qui officia deserunt mollit anim id est laborum.','steve.jpg','image/jpeg',19869,'2011-01-26 17:03:32','2011-01-26 17:03:32','2011-02-12 15:36:34',1,1);
INSERT INTO people VALUES(4,'Mike','Executive chef','Lorem ipsum dolor sit amet, consectetur adipisicing elit, sed do eiusmod tempor incididunt ut labore et dolore magna aliqua. Ut enim ad minim veniam, quis nostrud exercitation ullamco laboris nisi ut aliquip ex ea commodo consequat. Duis aute irure dolor in reprehenderit in voluptate velit esse cillum dolore eu fugiat nulla pariatur. Excepteur sint occaecat cupidatat non proident, sunt in culpa qui officia deserunt mollit anim id est laborum.','mike.jpg','image/jpeg',19503,'2011-01-26 17:03:36','2011-01-26 17:03:36','2011-02-12 15:36:34',2,1);
INSERT INTO people VALUES(5,'Julian','Front of house','Lorem ipsum dolor sit amet, consectetur adipisicing elit, sed do eiusmod tempor incididunt ut labore et dolore magna aliqua. Ut enim ad minim veniam, quis nostrud exercitation ullamco laboris nisi ut aliquip ex ea commodo consequat. Duis aute irure dolor in reprehenderit in voluptate velit esse cillum dolore eu fugiat nulla pariatur. Excepteur sint occaecat cupidatat non proident, sunt in culpa qui officia deserunt mollit anim id est laborum.','waiter.jpg','image/jpeg',19875,'2011-01-26 17:03:38','2011-01-26 17:03:38','2011-02-12 15:36:29',4,1);
INSERT INTO people VALUES(6,'David','Sous chef','Lorem ipsum dolor sit amet, consectetur adipisicing elit, sed do eiusmod tempor incididunt ut labore et dolore magna aliqua. Ut enim ad minim veniam, quis nostrud exercitation ullamco laboris nisi ut aliquip ex ea commodo consequat. Duis aute irure dolor in reprehenderit in voluptate velit esse cillum dolore eu fugiat nulla pariatur. Excepteur sint occaecat cupidatat non proident, sunt in culpa qui officia deserunt mollit anim id est laborum.','david.jpg','image/jpeg',19961,'2011-01-26 17:06:17','2011-01-26 17:06:17','2011-01-26 17:06:17',NULL,NULL);
INSERT INTO people VALUES(7,'Tony','Executive chef','Lorem ipsum dolor sit amet, consectetur adipisicing elit, sed do eiusmod tempor incididunt ut labore et dolore magna aliqua. Ut enim ad minim veniam, quis nostrud exercitation ullamco laboris nisi ut aliquip ex ea commodo consequat. Duis aute irure dolor in reprehenderit in voluptate velit esse cillum dolore eu fugiat nulla pariatur. Excepteur sint occaecat cupidatat non proident, sunt in culpa qui officia deserunt mollit anim id est laborum.','tony.jpg','image/jpeg',19941,'2011-01-26 17:06:24','2011-01-26 17:06:24','2011-01-26 17:06:24',NULL,4);
INSERT INTO people VALUES(8,'Steve','Head chef','Lorem ipsum dolor sit amet, consectetur adipisicing elit, sed do eiusmod tempor incididunt ut labore et dolore magna aliqua. Ut enim ad minim veniam, quis nostrud exercitation ullamco laboris nisi ut aliquip ex ea commodo consequat. Duis aute irure dolor in reprehenderit in voluptate velit esse cillum dolore eu fugiat nulla pariatur. Excepteur sint occaecat cupidatat non proident, sunt in culpa qui officia deserunt mollit anim id est laborum.','steve.jpg','image/jpeg',19869,'2011-01-26 17:06:32','2011-01-26 17:06:32','2011-01-26 17:06:32',NULL,4);
INSERT INTO people VALUES(9,'Mike','Executive chef','Lorem ipsum dolor sit amet, consectetur adipisicing elit, sed do eiusmod tempor incididunt ut labore et dolore magna aliqua. Ut enim ad minim veniam, quis nostrud exercitation ullamco laboris nisi ut aliquip ex ea commodo consequat. Duis aute irure dolor in reprehenderit in voluptate velit esse cillum dolore eu fugiat nulla pariatur. Excepteur sint occaecat cupidatat non proident, sunt in culpa qui officia deserunt mollit anim id est laborum.','mike.jpg','image/jpeg',19503,'2011-01-26 17:06:38','2011-01-26 17:06:38','2011-01-26 17:06:38',NULL,4);
INSERT INTO people VALUES(10,'Julian','Front of house','Lorem ipsum dolor sit amet, consectetur adipisicing elit, sed do eiusmod tempor incididunt ut labore et dolore magna aliqua. Ut enim ad minim veniam, quis nostrud exercitation ullamco laboris nisi ut aliquip ex ea commodo consequat. Duis aute irure dolor in reprehenderit in voluptate velit esse cillum dolore eu fugiat nulla pariatur. Excepteur sint occaecat cupidatat non proident, sunt in culpa qui officia deserunt mollit anim id est laborum.','waiter.jpg','image/jpeg',19875,'2011-01-26 17:06:43','2011-01-26 17:06:43','2011-01-26 17:06:44',NULL,4);
INSERT INTO people VALUES(11,'David','Sous chef','Lorem ipsum dolor sit amet, consectetur adipisicing elit, sed do eiusmod tempor incididunt ut labore et dolore magna aliqua. Ut enim ad minim veniam, quis nostrud exercitation ullamco laboris nisi ut aliquip ex ea commodo consequat. Duis aute irure dolor in reprehenderit in voluptate velit esse cillum dolore eu fugiat nulla pariatur. Excepteur sint occaecat cupidatat non proident, sunt in culpa qui officia deserunt mollit anim id est laborum.','david.jpg','image/jpeg',19961,'2011-01-26 17:25:03','2011-01-26 17:25:03','2011-01-26 17:25:03',NULL,NULL);
INSERT INTO people VALUES(12,'Tony','Executive chef','Lorem ipsum dolor sit amet, consectetur adipisicing elit, sed do eiusmod tempor incididunt ut labore et dolore magna aliqua. Ut enim ad minim veniam, quis nostrud exercitation ullamco laboris nisi ut aliquip ex ea commodo consequat. Duis aute irure dolor in reprehenderit in voluptate velit esse cillum dolore eu fugiat nulla pariatur. Excepteur sint occaecat cupidatat non proident, sunt in culpa qui officia deserunt mollit anim id est laborum.','tony.jpg','image/jpeg',19941,'2011-01-26 17:25:09','2011-01-26 17:25:09','2011-02-12 15:36:29',5,1);
INSERT INTO people VALUES(13,'Steve','Head chef','Lorem ipsum dolor sit amet, consectetur adipisicing elit, sed do eiusmod tempor incididunt ut labore et dolore magna aliqua. Ut enim ad minim veniam, quis nostrud exercitation ullamco laboris nisi ut aliquip ex ea commodo consequat. Duis aute irure dolor in reprehenderit in voluptate velit esse cillum dolore eu fugiat nulla pariatur. Excepteur sint occaecat cupidatat non proident, sunt in culpa qui officia deserunt mollit anim id est laborum.','steve.jpg','image/jpeg',19869,'2011-01-26 17:25:13','2011-01-26 17:25:13','2011-02-12 15:36:29',6,1);
INSERT INTO people VALUES(14,'Mike','Executive chef','Lorem ipsum dolor sit amet, consectetur adipisicing elit, sed do eiusmod tempor incididunt ut labore et dolore magna aliqua. Ut enim ad minim veniam, quis nostrud exercitation ullamco laboris nisi ut aliquip ex ea commodo consequat. Duis aute irure dolor in reprehenderit in voluptate velit esse cillum dolore eu fugiat nulla pariatur. Excepteur sint occaecat cupidatat non proident, sunt in culpa qui officia deserunt mollit anim id est laborum.','mike.jpg','image/jpeg',19503,'2011-01-26 17:25:15','2011-01-26 17:25:15','2011-02-12 15:36:29',7,1);
INSERT INTO people VALUES(15,'Julian','Front of house','Lorem ipsum dolor sit amet, consectetur adipisicing elit, sed do eiusmod tempor incididunt ut labore et dolore magna aliqua. Ut enim ad minim veniam, quis nostrud exercitation ullamco laboris nisi ut aliquip ex ea commodo consequat. Duis aute irure dolor in reprehenderit in voluptate velit esse cillum dolore eu fugiat nulla pariatur. Excepteur sint occaecat cupidatat non proident, sunt in culpa qui officia deserunt mollit anim id est laborum.','waiter.jpg','image/jpeg',19875,'2011-01-26 17:25:19','2011-01-26 17:25:19','2011-02-12 15:36:29',8,1);
INSERT INTO people VALUES(16,'David','Sous chef','Lorem ipsum dolor sit amet, consectetur adipisicing elit, sed do eiusmod tempor incididunt ut labore et dolore magna aliqua. Ut enim ad minim veniam, quis nostrud exercitation ullamco laboris nisi ut aliquip ex ea commodo consequat. Duis aute irure dolor in reprehenderit in voluptate velit esse cillum dolore eu fugiat nulla pariatur. Excepteur sint occaecat cupidatat non proident, sunt in culpa qui officia deserunt mollit anim id est laborum.','david.jpg','image/jpeg',19961,'2011-01-26 17:26:53','2011-01-26 17:26:53','2011-01-26 17:26:53',NULL,NULL);
INSERT INTO people VALUES(17,'Tony','Executive chef','Lorem ipsum dolor sit amet, consectetur adipisicing elit, sed do eiusmod tempor incididunt ut labore et dolore magna aliqua. Ut enim ad minim veniam, quis nostrud exercitation ullamco laboris nisi ut aliquip ex ea commodo consequat. Duis aute irure dolor in reprehenderit in voluptate velit esse cillum dolore eu fugiat nulla pariatur. Excepteur sint occaecat cupidatat non proident, sunt in culpa qui officia deserunt mollit anim id est laborum.','tony.jpg','image/jpeg',19941,'2011-01-26 17:26:59','2011-01-26 17:26:59','2011-01-26 17:26:59',NULL,4);
INSERT INTO people VALUES(18,'Steve','Head chef','Lorem ipsum dolor sit amet, consectetur adipisicing elit, sed do eiusmod tempor incididunt ut labore et dolore magna aliqua. Ut enim ad minim veniam, quis nostrud exercitation ullamco laboris nisi ut aliquip ex ea commodo consequat. Duis aute irure dolor in reprehenderit in voluptate velit esse cillum dolore eu fugiat nulla pariatur. Excepteur sint occaecat cupidatat non proident, sunt in culpa qui officia deserunt mollit anim id est laborum.','steve.jpg','image/jpeg',19869,'2011-01-26 17:27:05','2011-01-26 17:27:05','2011-01-26 17:27:05',NULL,4);
INSERT INTO people VALUES(19,'Mike','Executive chef','Lorem ipsum dolor sit amet, consectetur adipisicing elit, sed do eiusmod tempor incididunt ut labore et dolore magna aliqua. Ut enim ad minim veniam, quis nostrud exercitation ullamco laboris nisi ut aliquip ex ea commodo consequat. Duis aute irure dolor in reprehenderit in voluptate velit esse cillum dolore eu fugiat nulla pariatur. Excepteur sint occaecat cupidatat non proident, sunt in culpa qui officia deserunt mollit anim id est laborum.','mike.jpg','image/jpeg',19503,'2011-01-26 17:27:10','2011-01-26 17:27:10','2011-01-26 17:27:10',NULL,4);
INSERT INTO people VALUES(20,'Julian','Front of house','Lorem ipsum dolor sit amet, consectetur adipisicing elit, sed do eiusmod tempor incididunt ut labore et dolore magna aliqua. Ut enim ad minim veniam, quis nostrud exercitation ullamco laboris nisi ut aliquip ex ea commodo consequat. Duis aute irure dolor in reprehenderit in voluptate velit esse cillum dolore eu fugiat nulla pariatur. Excepteur sint occaecat cupidatat non proident, sunt in culpa qui officia deserunt mollit anim id est laborum.','waiter.jpg','image/jpeg',19875,'2011-01-26 17:27:18','2011-01-26 17:27:18','2011-01-26 17:27:18',NULL,4);
INSERT INTO people VALUES(21,'David','Sous chef','Lorem ipsum dolor sit amet, consectetur adipisicing elit, sed do eiusmod tempor incididunt ut labore et dolore magna aliqua. Ut enim ad minim veniam, quis nostrud exercitation ullamco laboris nisi ut aliquip ex ea commodo consequat. Duis aute irure dolor in reprehenderit in voluptate velit esse cillum dolore eu fugiat nulla pariatur. Excepteur sint occaecat cupidatat non proident, sunt in culpa qui officia deserunt mollit anim id est laborum.','david.jpg','image/jpeg',19961,'2011-01-26 17:29:02','2011-01-26 17:29:02','2011-01-26 17:29:02',NULL,NULL);
INSERT INTO people VALUES(22,'Tony','Executive chef','Lorem ipsum dolor sit amet, consectetur adipisicing elit, sed do eiusmod tempor incididunt ut labore et dolore magna aliqua. Ut enim ad minim veniam, quis nostrud exercitation ullamco laboris nisi ut aliquip ex ea commodo consequat. Duis aute irure dolor in reprehenderit in voluptate velit esse cillum dolore eu fugiat nulla pariatur. Excepteur sint occaecat cupidatat non proident, sunt in culpa qui officia deserunt mollit anim id est laborum.','tony.jpg','image/jpeg',19941,'2011-01-26 17:29:05','2011-01-26 17:29:05','2011-01-26 17:29:05',NULL,5);
INSERT INTO people VALUES(23,'Steve','Head chef','Lorem ipsum dolor sit amet, consectetur adipisicing elit, sed do eiusmod tempor incididunt ut labore et dolore magna aliqua. Ut enim ad minim veniam, quis nostrud exercitation ullamco laboris nisi ut aliquip ex ea commodo consequat. Duis aute irure dolor in reprehenderit in voluptate velit esse cillum dolore eu fugiat nulla pariatur. Excepteur sint occaecat cupidatat non proident, sunt in culpa qui officia deserunt mollit anim id est laborum.','steve.jpg','image/jpeg',19869,'2011-01-26 17:29:10','2011-01-26 17:29:10','2011-01-26 17:29:10',NULL,5);
INSERT INTO people VALUES(24,'Mike','Executive chef','Lorem ipsum dolor sit amet, consectetur adipisicing elit, sed do eiusmod tempor incididunt ut labore et dolore magna aliqua. Ut enim ad minim veniam, quis nostrud exercitation ullamco laboris nisi ut aliquip ex ea commodo consequat. Duis aute irure dolor in reprehenderit in voluptate velit esse cillum dolore eu fugiat nulla pariatur. Excepteur sint occaecat cupidatat non proident, sunt in culpa qui officia deserunt mollit anim id est laborum.','mike.jpg','image/jpeg',19503,'2011-01-26 17:29:15','2011-01-26 17:29:15','2011-01-26 17:29:15',NULL,5);
INSERT INTO people VALUES(25,'Julian','Front of house','Lorem ipsum dolor sit amet, consectetur adipisicing elit, sed do eiusmod tempor incididunt ut labore et dolore magna aliqua. Ut enim ad minim veniam, quis nostrud exercitation ullamco laboris nisi ut aliquip ex ea commodo consequat. Duis aute irure dolor in reprehenderit in voluptate velit esse cillum dolore eu fugiat nulla pariatur. Excepteur sint occaecat cupidatat non proident, sunt in culpa qui officia deserunt mollit anim id est laborum.','waiter.jpg','image/jpeg',19875,'2011-01-26 17:29:19','2011-01-26 17:29:19','2011-01-26 17:29:19',NULL,5);
CREATE TABLE testimonials (id INTEGER PRIMARY KEY, testimonial TEXT, name varchar(255), created_at datetime, updated_at datetime, position integer, site_id integer);
INSERT INTO testimonials VALUES(1,'Had a great time, thanks very much','Nick Hibberd','2010-04-24 19:06:42','2010-09-30 22:13:50',1,1);
INSERT INTO testimonials VALUES(3,'Great food, even for a boring veggie like me!','Shelley Heffernan','2010-04-24 19:42:07','2010-09-30 22:13:50',3,1);
INSERT INTO testimonials VALUES(4,'Really enjoyed this meal and would come here again','David Beckham','2010-08-28 09:19:13','2010-09-30 22:13:50',2,1);
INSERT INTO testimonials VALUES(5,'This is a test - imonial','Dick Hibberd','2010-10-01 17:17:01','2010-10-01 17:17:01',NULL,2);
INSERT INTO testimonials VALUES(6,'Had a great meal here, particularly like the 1/2 lb steak. Would come here again but only if there''s a deal on.','Adam Randall','2010-10-24 17:12:38','2010-10-24 17:12:38',NULL,2);
INSERT INTO testimonials VALUES(7,'Had a wonderful time at The Grill. Will definitely be coming back and certainly recommending to friends','Alan','2010-12-25 19:21:55','2010-12-25 19:21:55',NULL,4);
INSERT INTO testimonials VALUES(8,'We love this place and make sure we drop in every couple of months at the least. Try the chateaubriand, it''s divine','Eleanor','2010-12-25 19:21:55','2010-12-25 19:21:55',NULL,4);
INSERT INTO testimonials VALUES(9,'We had been meaning to come to The Grill for a long time, and when we finally did we were not disappointed. Superb food and very good value for money.','Derek','2010-12-25 19:21:55','2010-12-25 19:21:55',NULL,4);
INSERT INTO testimonials VALUES(10,'I can''t speak highly enough of the quality of food, service and atmosphere. We always leave very satisfied','Helen','2010-12-25 19:21:55','2010-12-25 19:21:55',NULL,4);
INSERT INTO testimonials VALUES(11,'Had a wonderful time at Malago. Will definitely be coming back and certainly recommending to friends','Alan','2011-01-23 08:29:01','2011-01-23 08:29:01',NULL,5);
INSERT INTO testimonials VALUES(12,'We love this place and make sure we drop in every couple of months at the least. Try the chateaubriand, it''s divine','Eleanor','2011-01-23 08:29:01','2011-01-23 08:29:01',NULL,5);
INSERT INTO testimonials VALUES(13,'We had been meaning to come to Malago for a long time, and when we finally did we were not disappointed. Superb food and very good value for money.','Derek','2011-01-23 08:29:01','2011-01-23 08:29:01',NULL,5);
INSERT INTO testimonials VALUES(14,'I can''t speak highly enough of the quality of food, service and atmosphere. We always leave very satisfied','Helen','2011-01-23 08:29:01','2011-01-23 08:29:01',NULL,5);
INSERT INTO testimonials VALUES(15,'Had a wonderful time at Example. Will definitely be coming back and certainly recommending to friends','Alan','2011-01-25 22:18:38','2011-01-25 22:18:38',NULL,10);
INSERT INTO testimonials VALUES(16,'We love this place and make sure we drop in every couple of months at the least. Try the chateaubriand, it''s divine','Eleanor','2011-01-25 22:18:38','2011-01-25 22:18:38',NULL,10);
INSERT INTO testimonials VALUES(17,'We had been meaning to come to Example for a long time, and when we finally did we were not disappointed. Superb food and very good value for money.','Derek','2011-01-25 22:18:38','2011-01-25 22:18:38',NULL,10);
INSERT INTO testimonials VALUES(18,'I can''t speak highly enough of the quality of food, service and atmosphere. We always leave very satisfied','Helen','2011-01-25 22:18:38','2011-01-25 22:18:38',NULL,10);
INSERT INTO testimonials VALUES(19,'Had a wonderful time at Example. Will definitely be coming back and certainly recommending to friends','Alan','2011-01-26 15:48:47','2011-01-26 15:48:47',NULL,11);
INSERT INTO testimonials VALUES(20,'We love this place and make sure we drop in every couple of months at the least. Try the chateaubriand, it''s divine','Eleanor','2011-01-26 15:48:47','2011-01-26 15:48:47',NULL,11);
INSERT INTO testimonials VALUES(21,'We had been meaning to come to Example for a long time, and when we finally did we were not disappointed. Superb food and very good value for money.','Derek','2011-01-26 15:48:47','2011-01-26 15:48:47',NULL,11);
INSERT INTO testimonials VALUES(22,'I can''t speak highly enough of the quality of food, service and atmosphere. We always leave very satisfied','Helen','2011-01-26 15:48:47','2011-01-26 15:48:47',NULL,11);
INSERT INTO testimonials VALUES(23,'Had a wonderful time at Example. Will definitely be coming back and certainly recommending to friends','Alan','2011-01-26 16:10:00','2011-01-26 16:10:00',NULL,12);
INSERT INTO testimonials VALUES(24,'We love this place and make sure we drop in every couple of months at the least. Try the chateaubriand, it''s divine','Eleanor','2011-01-26 16:10:00','2011-01-26 16:10:00',NULL,12);
INSERT INTO testimonials VALUES(25,'We had been meaning to come to Example for a long time, and when we finally did we were not disappointed. Superb food and very good value for money.','Derek','2011-01-26 16:10:00','2011-01-26 16:10:00',NULL,12);
INSERT INTO testimonials VALUES(26,'I can''t speak highly enough of the quality of food, service and atmosphere. We always leave very satisfied','Helen','2011-01-26 16:10:00','2011-01-26 16:10:00',NULL,12);
INSERT INTO testimonials VALUES(27,'Had a wonderful time at Example. Will definitely be coming back and certainly recommending to friends','Alan','2011-01-30 23:32:56','2011-01-30 23:32:56',NULL,13);
INSERT INTO testimonials VALUES(28,'We love this place and make sure we drop in every couple of months at the least. Try the chateaubriand, it''s divine','Eleanor','2011-01-30 23:32:56','2011-01-30 23:32:56',NULL,13);
INSERT INTO testimonials VALUES(29,'We had been meaning to come to Example for a long time, and when we finally did we were not disappointed. Superb food and very good value for money.','Derek','2011-01-30 23:32:56','2011-01-30 23:32:56',NULL,13);
INSERT INTO testimonials VALUES(30,'I can''t speak highly enough of the quality of food, service and atmosphere. We always leave very satisfied','Helen','2011-01-30 23:32:56','2011-01-30 23:32:56',NULL,13);
CREATE TABLE menus (id INTEGER PRIMARY KEY AUTO_INCREMENT NOT NULL, name varchar(255), created_at datetime, updated_at datetime, position integer, site_id integer, menu_type varchar(255), parent_id integer);
INSERT INTO menus VALUES(1,'Starters','2010-04-23 17:27:29','2011-02-13 18:40:47',1,1,'food',NULL);
INSERT INTO menus VALUES(2,'Mains','2010-04-23 17:27:47','2011-02-13 18:40:47',2,1,'food',NULL);
INSERT INTO menus VALUES(3,'Desserts','2010-04-23 17:28:17','2011-02-13 18:40:44',3,1,'food',NULL);
INSERT INTO menus VALUES(8,'Breakfast','2010-10-01 13:35:07','2010-12-16 19:12:13',1,2,'food',NULL);
INSERT INTO menus VALUES(9,'Coffee','2010-10-01 13:36:28','2010-12-16 19:12:13',2,2,'food',NULL);
INSERT INTO menus VALUES(10,'Starters','2010-12-03 21:47:53','2011-02-10 09:17:23',1,4,'food',NULL);
INSERT INTO menus VALUES(11,'Mains','2010-12-07 21:26:36','2011-02-10 09:17:23',2,4,'food',NULL);
INSERT INTO menus VALUES(12,'Desserts','2010-12-07 21:26:51','2011-01-17 14:49:43',3,4,'food',NULL);
INSERT INTO menus VALUES(15,'Starters','2011-01-23 07:57:43','2011-01-23 08:38:57',NULL,5,'food',NULL);
INSERT INTO menus VALUES(16,'Mains','2011-01-23 07:57:44','2011-01-23 08:38:51',NULL,5,'food',NULL);
INSERT INTO menus VALUES(17,'Desserts','2011-01-23 07:57:44','2011-01-23 08:38:46',NULL,5,'food',NULL);
INSERT INTO menus VALUES(31,'Starters','2011-01-26 15:48:47','2011-01-26 15:48:47',NULL,11,'food',NULL);
INSERT INTO menus VALUES(32,'Mains','2011-01-26 15:48:47','2011-01-26 15:48:47',NULL,11,'food',NULL);
INSERT INTO menus VALUES(33,'Desserts','2011-01-26 15:48:47','2011-01-26 15:48:47',NULL,11,'food',NULL);
INSERT INTO menus VALUES(35,'Starters','2011-01-26 16:09:59','2011-01-26 16:09:59',NULL,12,'food',NULL);
INSERT INTO menus VALUES(36,'Mains','2011-01-26 16:09:59','2011-01-26 16:09:59',NULL,12,'food',NULL);
INSERT INTO menus VALUES(37,'Desserts','2011-01-26 16:09:59','2011-01-26 16:09:59',NULL,12,'food',NULL);
INSERT INTO menus VALUES(39,'Starters','2011-01-30 23:32:55','2011-01-30 23:32:55',NULL,13,'food',NULL);
INSERT INTO menus VALUES(40,'Mains','2011-01-30 23:32:56','2011-01-30 23:32:56',NULL,13,'food',NULL);
INSERT INTO menus VALUES(41,'Desserts','2011-01-30 23:32:56','2011-01-30 23:32:56',NULL,13,'food',NULL);
INSERT INTO menus VALUES(43,'Mains','2011-01-30 23:35:55','2011-02-13 22:51:13',5,10,NULL,NULL);
INSERT INTO menus VALUES(44,'From the Asador','2011-01-30 23:35:55','2011-02-03 18:32:59',NULL,10,NULL,43);
INSERT INTO menus VALUES(45,'From the Parilla','2011-01-30 23:35:55','2011-02-03 18:33:10',NULL,10,NULL,43);
INSERT INTO menus VALUES(46,'Parrilladas: Mixed Grills (minimum 2 people)','2011-01-30 23:35:55','2011-02-03 18:33:13',NULL,10,NULL,43);
INSERT INTO menus VALUES(50,'Wines','2011-02-03 14:35:08','2011-02-13 22:51:13',4,10,NULL,NULL);
INSERT INTO menus VALUES(51,'Red','2011-02-03 14:35:08','2011-02-13 13:23:06',1,10,NULL,50);
INSERT INTO menus VALUES(52,'White','2011-02-03 14:51:53','2011-02-13 13:23:06',2,10,NULL,50);
INSERT INTO menus VALUES(53,'Rose','2011-02-03 14:51:54','2011-02-13 13:23:06',3,10,NULL,50);
INSERT INTO menus VALUES(60,'Test menu','2011-02-13 13:44:28','2011-02-13 22:51:13',2,10,NULL,NULL);
INSERT INTO menus VALUES(61,'Parent menu test','2011-02-13 13:52:51','2011-02-13 22:51:13',1,10,NULL,NULL);
INSERT INTO menus VALUES(62,'Child menu test','2011-02-13 13:53:21','2011-02-13 13:53:21',NULL,10,NULL,61);
INSERT INTO menus VALUES(63,'Child menu test 2','2011-02-13 13:53:30','2011-02-13 13:53:30',NULL,10,NULL,61);
INSERT INTO menus VALUES(64,'Test menu child 1','2011-02-13 13:53:44','2011-02-13 13:53:44',NULL,10,NULL,60);
INSERT INTO menus VALUES(65,'Test menu child 2','2011-02-13 13:53:56','2011-02-13 13:53:56',NULL,10,NULL,60);
INSERT INTO menus VALUES(66,'Champagne','2011-02-13 13:54:35','2011-02-13 13:54:35',NULL,10,NULL,50);
INSERT INTO menus VALUES(67,'Test menu 3','2011-02-13 18:45:34','2011-02-13 18:45:34',NULL,10,NULL,60);
CREATE TABLE dishes (id INTEGER PRIMARY KEY AUTO_INCREMENT NOT NULL, menu_id integer, name varchar(255), description varchar(255), price integer(255), created_at datetime, updated_at datetime, position integer, photo_file_name varchar(255), photo_content_type varchar(255), photo_file_size integer, photo_updated_at datetime, parent_id integer);
INSERT INTO dishes VALUES(123,1,'Endive salad','with shaved fennel, pear & Pecorin',875,'2011-01-23 11:05:16','2011-02-02 21:02:46',2,NULL,NULL,NULL,NULL,NULL);
INSERT INTO dishes VALUES(124,1,'Hamachi tuna sashimi','with furiyake, white soy & sesame',730,'2011-01-23 11:05:16','2011-02-02 21:02:46',1,NULL,NULL,NULL,NULL,NULL);
INSERT INTO dishes VALUES(125,1,'Seared foie gras','with apple galette & golden raisins',645,'2011-01-23 11:05:16','2011-01-23 11:05:16',3,NULL,NULL,NULL,NULL,NULL);
INSERT INTO dishes VALUES(126,1,'Mixed Asian hors d''oeuvres','with oriental dipping sauce',699,'2011-01-23 11:05:16','2011-01-23 11:05:16',4,NULL,NULL,NULL,NULL,NULL);
INSERT INTO dishes VALUES(127,1,'Roast partridge on toast','with chanterelles',750,'2011-01-23 11:05:16','2011-01-23 11:05:16',5,NULL,NULL,NULL,NULL,NULL);
INSERT INTO dishes VALUES(128,1,'Mixed beetroot salad','with Innes goat''s cheese and rapeseed dressing',625,'2011-01-23 11:05:16','2011-01-23 11:05:16',6,NULL,NULL,NULL,NULL,NULL);
INSERT INTO dishes VALUES(129,1,'Aromatic duck salad','with fragrant herbs & pickled ginger',730,'2011-01-23 11:05:16','2011-01-23 11:05:16',7,NULL,NULL,NULL,NULL,NULL);
INSERT INTO dishes VALUES(130,1,'Caramelised shallot & parsnip soup','with a Cheddar scone',899,'2011-01-23 11:05:16','2011-01-23 11:05:16',8,NULL,NULL,NULL,NULL,NULL);
INSERT INTO dishes VALUES(131,1,'Shellfish bisque','with Armagnac',685,'2011-01-23 11:05:16','2011-01-23 11:05:16',9,NULL,NULL,NULL,NULL,NULL);
INSERT INTO dishes VALUES(153,3,'Treacle sponge pudding','with custard',575,'2011-01-23 11:05:16','2011-01-23 11:05:16',11,NULL,NULL,NULL,NULL,NULL);
INSERT INTO dishes VALUES(154,3,'William pear tarte tatin','with vanilla ice cream (to share)',1400,'2011-01-23 11:05:16','2011-01-23 11:05:16',12,NULL,NULL,NULL,NULL,NULL);
INSERT INTO dishes VALUES(155,3,'Passion fruit pannacotta','with madelines',585,'2011-01-23 11:05:16','2011-01-23 11:05:16',13,NULL,NULL,NULL,NULL,NULL);
INSERT INTO dishes VALUES(156,3,'Baked Alaska (for two persons)','with Griotte cherries',1125,'2011-01-23 11:05:16','2011-01-23 11:05:16',14,NULL,NULL,NULL,NULL,NULL);
INSERT INTO dishes VALUES(157,3,'Prosecco & clementine jelly','with lemon curd ice cream',599,'2011-01-23 11:05:16','2011-01-23 11:05:16',15,NULL,NULL,NULL,NULL,NULL);
INSERT INTO dishes VALUES(158,3,'Scandinavian iced berries','with hot white chocolate sauce',435,'2011-01-23 11:05:16','2011-01-23 11:05:16',16,NULL,NULL,NULL,NULL,NULL);
INSERT INTO dishes VALUES(159,3,'Chocolate pudding','with mint chocolate chip ice cream',675,'2011-01-23 11:05:16','2011-01-23 11:05:16',17,NULL,NULL,NULL,NULL,NULL);
INSERT INTO dishes VALUES(160,3,'Ice creams','vanilla, pistachio, chocolate',535,'2011-01-23 11:05:16','2011-01-23 11:05:16',18,NULL,NULL,NULL,NULL,NULL);
INSERT INTO dishes VALUES(161,10,'Carrot & Coriander Soup','',525,'2011-01-23 11:16:55','2011-02-10 14:32:36',3,NULL,NULL,NULL,NULL,NULL);
INSERT INTO dishes VALUES(162,10,'Buffallo Mozzarella, San Marzano Tomato, Basil Pesto & Rocket Salad','',698,'2011-01-23 11:16:55','2011-02-11 18:52:27',1,NULL,NULL,NULL,NULL,NULL);
INSERT INTO dishes VALUES(163,10,'Pan Seared Scallops, Orzo Pasta, Saffron',NULL,650,'2011-01-23 11:16:55','2011-02-11 19:24:25',6,NULL,NULL,NULL,NULL,NULL);
INSERT INTO dishes VALUES(164,10,'Butternut Squash, Braised Chicory & Fig Salad, Blue Cheese Dressing','',599,'2011-01-23 11:16:55','2011-02-11 14:27:04',2,NULL,NULL,NULL,NULL,NULL);
INSERT INTO dishes VALUES(165,10,'Coln Valley Smoked Salmon, New Potato & Red Onion Salad',NULL,725,'2011-01-23 11:16:55','2011-02-10 14:29:28',4,NULL,NULL,NULL,NULL,NULL);
INSERT INTO dishes VALUES(166,10,'Chicken Liver Parfait, Pear Chutney, Toasted Sourdough',NULL,750,'2011-01-23 11:16:55','2011-02-11 19:24:25',7,NULL,NULL,NULL,NULL,NULL);
INSERT INTO dishes VALUES(167,10,'Chicken Peanut Satay','',398,'2011-01-23 11:16:55','2011-02-11 19:24:25',5,NULL,NULL,NULL,NULL,NULL);
INSERT INTO dishes VALUES(168,10,'Spinach and Feta Filo Pie',NULL,799,'2011-01-23 11:16:55','2011-01-23 11:16:55',8,NULL,NULL,NULL,NULL,NULL);
INSERT INTO dishes VALUES(169,10,'Chicken and Sweetcorn soup',NULL,499,'2011-01-23 11:16:55','2011-01-23 11:16:55',9,NULL,NULL,NULL,NULL,NULL);
INSERT INTO dishes VALUES(170,11,'Seared Salmon Fillet Burger, Wasabi Mayo, Mixed Salad','',589,'2011-01-23 11:16:55','2011-02-11 18:49:38',1,NULL,NULL,NULL,NULL,NULL);
INSERT INTO dishes VALUES(171,11,'Roast Cod Fillet, White Bean, Mussel & Pancetta Cassoulet','',999,'2011-01-23 11:16:55','2011-01-27 20:50:29',2,NULL,NULL,NULL,NULL,NULL);
INSERT INTO dishes VALUES(172,11,'Roast Corn Fed Chicken Breast, Cannelloni, Girolles & Spinach',NULL,750,'2011-01-23 11:16:55','2011-01-23 11:16:55',3,NULL,NULL,NULL,NULL,NULL);
INSERT INTO dishes VALUES(173,11,'Beer Battered Haddock, Pea Puree, Tartare Sauce, Fries',NULL,685,'2011-01-23 11:16:55','2011-01-23 11:16:55',4,NULL,NULL,NULL,NULL,NULL);
INSERT INTO dishes VALUES(174,11,'Aged Scottish Rib-Eye Steak, Fries & Béarnaise',NULL,825,'2011-01-23 11:16:55','2011-01-23 11:16:55',5,NULL,NULL,NULL,NULL,NULL);
INSERT INTO dishes VALUES(175,11,'Penne with tomatoes, aubergines, mozzarella, pecorino romano',NULL,899,'2011-01-23 11:16:55','2011-01-23 11:16:55',6,NULL,NULL,NULL,NULL,NULL);
INSERT INTO dishes VALUES(176,11,'Wild mushroom orecchiette with smoked bacon and sage',NULL,999,'2011-01-23 11:16:55','2011-01-23 11:16:55',7,NULL,NULL,NULL,NULL,NULL);
INSERT INTO dishes VALUES(177,11,'Smoked salmon and haddock fishcakes with harissa mayonnaise',NULL,925,'2011-01-23 11:16:55','2011-01-23 11:16:55',8,NULL,NULL,NULL,NULL,NULL);
INSERT INTO dishes VALUES(178,11,'Stout-braised shoulder of beef with mashed potato',NULL,1095,'2011-01-23 11:16:55','2011-01-23 11:16:55',9,NULL,NULL,NULL,NULL,NULL);
INSERT INTO dishes VALUES(179,11,'Marinated lamb chops with spicy wedges and mint yoghurt',NULL,995,'2011-01-23 11:16:55','2011-01-23 11:16:55',10,NULL,NULL,NULL,NULL,NULL);
INSERT INTO dishes VALUES(180,11,'Roasted corn-fed chicken with summer vegetables, thyme jus',NULL,895,'2011-01-23 11:16:55','2011-01-23 11:16:55',11,NULL,NULL,NULL,NULL,NULL);
INSERT INTO dishes VALUES(181,12,'Gooseberry fool with vanilla shortbread',NULL,499,'2011-01-23 11:16:55','2011-01-23 11:16:55',1,NULL,NULL,NULL,NULL,NULL);
INSERT INTO dishes VALUES(182,12,'Glazed crème brûlée with lemon cakes',NULL,499,'2011-01-23 11:16:55','2011-01-23 11:16:55',2,NULL,NULL,NULL,NULL,NULL);
INSERT INTO dishes VALUES(183,12,'Chocolate and pecan brownie with vanilla ice cream',NULL,485,'2011-01-23 11:16:55','2011-01-23 11:16:55',3,NULL,NULL,NULL,NULL,NULL);
INSERT INTO dishes VALUES(184,12,'Selection of ice cream or sorbets',NULL,525,'2011-01-23 11:16:55','2011-01-23 11:16:55',4,NULL,NULL,NULL,NULL,NULL);
INSERT INTO dishes VALUES(185,12,'Fig tart with white chocolate ice cream',NULL,550,'2011-01-23 11:16:55','2011-01-23 11:16:55',5,NULL,NULL,NULL,NULL,NULL);
INSERT INTO dishes VALUES(186,12,'Lemon Sorbet, Blueberry Compote',NULL,510,'2011-01-23 11:16:55','2011-01-23 11:16:55',6,NULL,NULL,NULL,NULL,NULL);
INSERT INTO dishes VALUES(187,12,'Spiced Greengage Crumble, Vanilla Ice Cream',NULL,699,'2011-01-23 11:16:55','2011-01-23 11:16:55',7,NULL,NULL,NULL,NULL,NULL);
INSERT INTO dishes VALUES(188,12,'Baked New York Style Cheesecake, Stewed Strawberries',NULL,585,'2011-01-23 11:16:55','2011-01-23 11:16:55',8,NULL,NULL,NULL,NULL,NULL);
INSERT INTO dishes VALUES(189,12,'Hot Chocolate Fondant, Hazelnut Ice Cream',NULL,645,'2011-01-23 11:16:55','2011-01-23 11:16:55',9,NULL,NULL,NULL,NULL,NULL);
INSERT INTO dishes VALUES(190,12,'rioche & Baileys Bread & Butter Pudding, Creme Anglaise',NULL,499,'2011-01-23 11:16:55','2011-01-23 11:16:55',10,NULL,NULL,NULL,NULL,NULL);
INSERT INTO dishes VALUES(191,15,'Endive salad','with shaved fennel, pear & Pecorin',875,'2011-01-23 11:21:48','2011-01-23 11:21:48',1,NULL,NULL,NULL,NULL,NULL);
INSERT INTO dishes VALUES(192,15,'Hamachi tuna sashimi','with furiyake, white soy & sesame',730,'2011-01-23 11:21:48','2011-01-23 11:21:48',2,NULL,NULL,NULL,NULL,NULL);
INSERT INTO dishes VALUES(193,15,'Seared foie gras','with apple galette & golden raisins',645,'2011-01-23 11:21:48','2011-01-23 11:21:48',3,NULL,NULL,NULL,NULL,NULL);
INSERT INTO dishes VALUES(194,15,'Mixed Asian hors d''oeuvres','with oriental dipping sauce',699,'2011-01-23 11:21:48','2011-01-23 11:21:48',4,NULL,NULL,NULL,NULL,NULL);
INSERT INTO dishes VALUES(195,15,'Roast partridge on toast','with chanterelles',750,'2011-01-23 11:21:48','2011-01-23 11:21:48',5,NULL,NULL,NULL,NULL,NULL);
INSERT INTO dishes VALUES(196,15,'Mixed beetroot salad','with Innes goat''s cheese and rapeseed dressing',625,'2011-01-23 11:21:48','2011-01-23 11:21:48',6,NULL,NULL,NULL,NULL,NULL);
INSERT INTO dishes VALUES(197,15,'Aromatic duck salad','with fragrant herbs & pickled ginger',730,'2011-01-23 11:21:48','2011-01-23 11:21:48',7,NULL,NULL,NULL,NULL,NULL);
INSERT INTO dishes VALUES(198,15,'Caramelised shallot & parsnip soup','with a Cheddar scone',899,'2011-01-23 11:21:48','2011-01-23 11:21:48',8,NULL,NULL,NULL,NULL,NULL);
INSERT INTO dishes VALUES(199,15,'Shellfish bisque','with Armagnac',685,'2011-01-23 11:21:48','2011-01-23 11:21:48',9,NULL,NULL,NULL,NULL,NULL);
INSERT INTO dishes VALUES(200,16,'Salmon fishcake','with sautéed spinach and sorrel sauce',875,'2011-01-23 11:21:48','2011-01-23 11:21:48',1,NULL,NULL,NULL,NULL,NULL);
INSERT INTO dishes VALUES(201,16,'Thai-baked sea bass','with soya bean & coconut dressing',975,'2011-01-23 11:21:48','2011-01-23 11:21:48',2,NULL,NULL,NULL,NULL,NULL);
INSERT INTO dishes VALUES(202,16,'Chargrilled wild halibut','with hollandaise',890,'2011-01-23 11:21:48','2011-01-23 11:21:48',3,NULL,NULL,NULL,NULL,NULL);
INSERT INTO dishes VALUES(203,16,'Herb-crusted monkfish','with mussel & tomato harira',999,'2011-01-23 11:21:48','2011-01-23 11:21:48',4,NULL,NULL,NULL,NULL,NULL);
INSERT INTO dishes VALUES(204,16,'Deep-fried haddock','with minted pea purée, chips and tartare sauce',1050,'2011-01-23 11:21:48','2011-01-23 11:21:48',5,NULL,NULL,NULL,NULL,NULL);
INSERT INTO dishes VALUES(205,16,'Chargrilled fish of the day','served garnished',725,'2011-01-23 11:21:48','2011-01-23 11:21:48',6,NULL,NULL,NULL,NULL,NULL);
INSERT INTO dishes VALUES(206,16,'Moroccan-spiced rump of lamb','with houmous, harissa & smoked aubergine',965,'2011-01-23 11:21:48','2011-01-23 11:21:48',7,NULL,NULL,NULL,NULL,NULL);
INSERT INTO dishes VALUES(207,16,'Blythburgh pork belly','with roasted apple mash & root veg',995,'2011-01-23 11:21:48','2011-01-23 11:21:48',8,NULL,NULL,NULL,NULL,NULL);
INSERT INTO dishes VALUES(208,16,'Calf''s liver & bacon','with sage and mash potatoes',775,'2011-01-23 11:21:48','2011-01-23 11:21:48',9,NULL,NULL,NULL,NULL,NULL);
INSERT INTO dishes VALUES(209,16,'Fillet of venison','with game pie & wild chocolate sauce',625,'2011-01-23 11:21:48','2011-01-23 11:21:48',10,NULL,NULL,NULL,NULL,NULL);
INSERT INTO dishes VALUES(210,16,'Roast poulet (for two)','with foie gras stuffing, pommes sarladaises & truffle jus',1895,'2011-01-23 11:21:48','2011-01-23 11:21:48',11,NULL,NULL,NULL,NULL,NULL);
INSERT INTO dishes VALUES(211,17,'Treacle sponge pudding','with custard',575,'2011-01-23 11:21:48','2011-01-23 11:21:48',1,NULL,NULL,NULL,NULL,NULL);
INSERT INTO dishes VALUES(212,17,'William pear tarte tatin','with vanilla ice cream (to share)',1400,'2011-01-23 11:21:48','2011-01-23 11:21:48',2,NULL,NULL,NULL,NULL,NULL);
INSERT INTO dishes VALUES(213,17,'Passion fruit pannacotta','with madelines',585,'2011-01-23 11:21:48','2011-01-23 11:21:48',3,NULL,NULL,NULL,NULL,NULL);
INSERT INTO dishes VALUES(214,17,'Baked Alaska (for two persons)','with Griotte cherries',1125,'2011-01-23 11:21:48','2011-01-23 11:21:48',4,NULL,NULL,NULL,NULL,NULL);
INSERT INTO dishes VALUES(215,17,'Prosecco & clementine jelly','with lemon curd ice cream',599,'2011-01-23 11:21:48','2011-01-23 11:21:48',5,NULL,NULL,NULL,NULL,NULL);
INSERT INTO dishes VALUES(216,17,'Scandinavian iced berries','with hot white chocolate sauce',435,'2011-01-23 11:21:48','2011-01-23 11:21:48',6,NULL,NULL,NULL,NULL,NULL);
INSERT INTO dishes VALUES(217,17,'Chocolate pudding','with mint chocolate chip ice cream',675,'2011-01-23 11:21:48','2011-01-23 11:21:48',7,NULL,NULL,NULL,NULL,NULL);
INSERT INTO dishes VALUES(218,17,'Ice creams','vanilla, pistachio, chocolate',535,'2011-01-23 11:21:48','2011-01-23 11:21:48',8,NULL,NULL,NULL,NULL,NULL);
INSERT INTO dishes VALUES(306,31,'Hoy Shell Ob Gratiem','Grilled queen scallops in their shell with a garlic, bread crumbs and Thai parsley',399,'2011-01-26 15:48:47','2011-01-26 15:48:47',1,NULL,NULL,NULL,NULL,NULL);
INSERT INTO dishes VALUES(307,31,'Seafood Satay','Seafood skewers (fish, squid, scallop and prawn) served with satay peanut sauce',450,'2011-01-26 15:48:47','2011-01-26 15:48:47',2,NULL,NULL,NULL,NULL,NULL);
INSERT INTO dishes VALUES(308,31,'Kor Moo Yang','Barbequed pork with cucumber and typical Thai nam jim sauce',475,'2011-01-26 15:48:47','2011-01-26 15:48:47',3,NULL,NULL,NULL,NULL,NULL);
INSERT INTO dishes VALUES(309,31,'Tod Mun Goong','Breaded prawn cake served with plum sauce',499,'2011-01-26 15:48:47','2011-01-26 15:48:47',4,NULL,NULL,NULL,NULL,NULL);
INSERT INTO dishes VALUES(310,31,'Gai Hor Bai Toey','Deep fried chicken fillet wrapped in a pandan leaf served with sweet chilli sauce',510,'2011-01-26 15:48:47','2011-01-26 15:48:47',5,NULL,NULL,NULL,NULL,NULL);
INSERT INTO dishes VALUES(311,31,'Larb Pla Tuna','Seared tuna salad with dry chilli and lemongrass',525,'2011-01-26 15:48:47','2011-01-26 15:48:47',6,NULL,NULL,NULL,NULL,NULL);
INSERT INTO dishes VALUES(312,31,'Yum Woon Sen','Spicy glass noodle salad with prawns and minced chicken',475,'2011-01-26 15:48:47','2011-01-26 15:48:47',7,NULL,NULL,NULL,NULL,NULL);
INSERT INTO dishes VALUES(313,31,'Som Tum','Green papaya salad with cherry tomato, snake beans, peanut, dried shrimp powder and spicy lime sauce',499,'2011-01-26 15:48:47','2011-01-26 15:48:47',8,NULL,NULL,NULL,NULL,NULL);
INSERT INTO dishes VALUES(314,31,'Tom Yum Gai','The famous hot and sour chicken soup with oyster mushrooms',525,'2011-01-26 15:48:47','2011-01-26 15:48:47',9,NULL,NULL,NULL,NULL,NULL);
INSERT INTO dishes VALUES(315,31,'Tom Yum Goong','The famous hot and sour prawn soup with oyster mushroom',675,'2011-01-26 15:48:47','2011-01-26 15:48:47',10,NULL,NULL,NULL,NULL,NULL);
INSERT INTO dishes VALUES(316,32,'Salmon fishcake','with sautéed spinach and sorrel sauce',875,'2011-01-26 15:48:47','2011-01-26 15:48:47',1,NULL,NULL,NULL,NULL,NULL);
INSERT INTO dishes VALUES(317,32,'Thai-baked sea bass','with soya bean & coconut dressing',975,'2011-01-26 15:48:47','2011-01-26 15:48:47',2,NULL,NULL,NULL,NULL,NULL);
INSERT INTO dishes VALUES(318,32,'Chargrilled wild halibut','with hollandaise',890,'2011-01-26 15:48:47','2011-01-26 15:48:47',3,NULL,NULL,NULL,NULL,NULL);
INSERT INTO dishes VALUES(319,32,'Herb-crusted monkfish','with mussel & tomato harira',999,'2011-01-26 15:48:47','2011-01-26 15:48:47',4,NULL,NULL,NULL,NULL,NULL);
INSERT INTO dishes VALUES(320,32,'Deep-fried haddock','with minted pea purée, chips and tartare sauce',1050,'2011-01-26 15:48:47','2011-01-26 15:48:47',5,NULL,NULL,NULL,NULL,NULL);
INSERT INTO dishes VALUES(321,32,'Chargrilled fish of the day','served garnished',725,'2011-01-26 15:48:47','2011-01-26 15:48:47',6,NULL,NULL,NULL,NULL,NULL);
INSERT INTO dishes VALUES(322,32,'Moroccan-spiced rump of lamb','with houmous, harissa & smoked aubergine',965,'2011-01-26 15:48:47','2011-01-26 15:48:47',7,NULL,NULL,NULL,NULL,NULL);
INSERT INTO dishes VALUES(323,32,'Blythburgh pork belly','with roasted apple mash & root veg',995,'2011-01-26 15:48:47','2011-01-26 15:48:47',8,NULL,NULL,NULL,NULL,NULL);
INSERT INTO dishes VALUES(324,32,'Calf''s liver & bacon','with sage and mash potatoes',775,'2011-01-26 15:48:47','2011-01-26 15:48:47',9,NULL,NULL,NULL,NULL,NULL);
INSERT INTO dishes VALUES(325,32,'Fillet of venison','with game pie & wild chocolate sauce',625,'2011-01-26 15:48:47','2011-01-26 15:48:47',10,NULL,NULL,NULL,NULL,NULL);
INSERT INTO dishes VALUES(326,32,'Roast poulet (for two)','with foie gras stuffing, pommes sarladaises & truffle jus',1895,'2011-01-26 15:48:47','2011-01-26 15:48:47',11,NULL,NULL,NULL,NULL,NULL);
INSERT INTO dishes VALUES(327,33,'Treacle sponge pudding','with custard',575,'2011-01-26 15:48:47','2011-01-26 15:48:47',1,NULL,NULL,NULL,NULL,NULL);
INSERT INTO dishes VALUES(328,33,'William pear tarte tatin','with vanilla ice cream (to share)',1400,'2011-01-26 15:48:47','2011-01-26 15:48:47',2,NULL,NULL,NULL,NULL,NULL);
INSERT INTO dishes VALUES(329,33,'Passion fruit pannacotta','with madelines',585,'2011-01-26 15:48:47','2011-01-26 15:48:47',3,NULL,NULL,NULL,NULL,NULL);
INSERT INTO dishes VALUES(330,33,'Baked Alaska (for two persons)','with Griotte cherries',1125,'2011-01-26 15:48:47','2011-01-26 15:48:47',4,NULL,NULL,NULL,NULL,NULL);
INSERT INTO dishes VALUES(331,33,'Prosecco & clementine jelly','with lemon curd ice cream',599,'2011-01-26 15:48:47','2011-01-26 15:48:47',5,NULL,NULL,NULL,NULL,NULL);
INSERT INTO dishes VALUES(332,33,'Scandinavian iced berries','with hot white chocolate sauce',435,'2011-01-26 15:48:47','2011-01-26 15:48:47',6,NULL,NULL,NULL,NULL,NULL);
INSERT INTO dishes VALUES(333,33,'Chocolate pudding','with mint chocolate chip ice cream',675,'2011-01-26 15:48:47','2011-01-26 15:48:47',7,NULL,NULL,NULL,NULL,NULL);
INSERT INTO dishes VALUES(334,33,'Ice creams','vanilla, pistachio, chocolate',535,'2011-01-26 15:48:47','2011-01-26 15:48:47',8,NULL,NULL,NULL,NULL,NULL);
INSERT INTO dishes VALUES(335,35,'Hoy Shell Ob Gratiem','Grilled queen scallops in their shell with a garlic, bread crumbs and Thai parsley',399,'2011-01-26 16:09:59','2011-01-26 16:09:59',1,NULL,NULL,NULL,NULL,NULL);
INSERT INTO dishes VALUES(336,35,'Seafood Satay','Seafood skewers (fish, squid, scallop and prawn) served with satay peanut sauce',450,'2011-01-26 16:09:59','2011-01-26 16:09:59',2,NULL,NULL,NULL,NULL,NULL);
INSERT INTO dishes VALUES(337,35,'Kor Moo Yang','Barbequed pork with cucumber and typical Thai nam jim sauce',475,'2011-01-26 16:09:59','2011-01-26 16:09:59',3,NULL,NULL,NULL,NULL,NULL);
INSERT INTO dishes VALUES(338,35,'Tod Mun Goong','Breaded prawn cake served with plum sauce',499,'2011-01-26 16:09:59','2011-01-26 16:09:59',4,NULL,NULL,NULL,NULL,NULL);
INSERT INTO dishes VALUES(339,35,'Gai Hor Bai Toey','Deep fried chicken fillet wrapped in a pandan leaf served with sweet chilli sauce',510,'2011-01-26 16:09:59','2011-01-26 16:09:59',5,NULL,NULL,NULL,NULL,NULL);
INSERT INTO dishes VALUES(340,35,'Larb Pla Tuna','Seared tuna salad with dry chilli and lemongrass',525,'2011-01-26 16:09:59','2011-01-26 16:09:59',6,NULL,NULL,NULL,NULL,NULL);
INSERT INTO dishes VALUES(341,35,'Yum Woon Sen','Spicy glass noodle salad with prawns and minced chicken',475,'2011-01-26 16:09:59','2011-01-26 16:09:59',7,NULL,NULL,NULL,NULL,NULL);
INSERT INTO dishes VALUES(342,35,'Som Tum','Green papaya salad with cherry tomato, snake beans, peanut, dried shrimp powder and spicy lime sauce',499,'2011-01-26 16:09:59','2011-01-26 16:09:59',8,NULL,NULL,NULL,NULL,NULL);
INSERT INTO dishes VALUES(343,35,'Tom Yum Gai','The famous hot and sour chicken soup with oyster mushrooms',525,'2011-01-26 16:09:59','2011-01-26 16:09:59',9,NULL,NULL,NULL,NULL,NULL);
INSERT INTO dishes VALUES(344,35,'Tom Yum Goong','The famous hot and sour prawn soup with oyster mushroom',675,'2011-01-26 16:09:59','2011-01-26 16:09:59',10,NULL,NULL,NULL,NULL,NULL);
INSERT INTO dishes VALUES(345,36,'Salmon fishcake','with sautéed spinach and sorrel sauce',875,'2011-01-26 16:09:59','2011-01-26 16:09:59',1,NULL,NULL,NULL,NULL,NULL);
INSERT INTO dishes VALUES(346,36,'Thai-baked sea bass','with soya bean & coconut dressing',975,'2011-01-26 16:09:59','2011-01-26 16:09:59',2,NULL,NULL,NULL,NULL,NULL);
INSERT INTO dishes VALUES(347,36,'Chargrilled wild halibut','with hollandaise',890,'2011-01-26 16:09:59','2011-01-26 16:09:59',3,NULL,NULL,NULL,NULL,NULL);
INSERT INTO dishes VALUES(348,36,'Herb-crusted monkfish','with mussel & tomato harira',999,'2011-01-26 16:09:59','2011-01-26 16:09:59',4,NULL,NULL,NULL,NULL,NULL);
INSERT INTO dishes VALUES(349,36,'Deep-fried haddock','with minted pea purée, chips and tartare sauce',1050,'2011-01-26 16:09:59','2011-01-26 16:09:59',5,NULL,NULL,NULL,NULL,NULL);
INSERT INTO dishes VALUES(350,36,'Chargrilled fish of the day','served garnished',725,'2011-01-26 16:09:59','2011-01-26 16:09:59',6,NULL,NULL,NULL,NULL,NULL);
INSERT INTO dishes VALUES(351,36,'Moroccan-spiced rump of lamb','with houmous, harissa & smoked aubergine',965,'2011-01-26 16:09:59','2011-01-26 16:09:59',7,NULL,NULL,NULL,NULL,NULL);
INSERT INTO dishes VALUES(352,36,'Blythburgh pork belly','with roasted apple mash & root veg',995,'2011-01-26 16:09:59','2011-01-26 16:09:59',8,NULL,NULL,NULL,NULL,NULL);
INSERT INTO dishes VALUES(353,36,'Calf''s liver & bacon','with sage and mash potatoes',775,'2011-01-26 16:09:59','2011-01-26 16:09:59',9,NULL,NULL,NULL,NULL,NULL);
INSERT INTO dishes VALUES(354,36,'Fillet of venison','with game pie & wild chocolate sauce',625,'2011-01-26 16:09:59','2011-01-26 16:09:59',10,NULL,NULL,NULL,NULL,NULL);
INSERT INTO dishes VALUES(355,36,'Roast poulet (for two)','with foie gras stuffing, pommes sarladaises & truffle jus',1895,'2011-01-26 16:09:59','2011-01-26 16:09:59',11,NULL,NULL,NULL,NULL,NULL);
INSERT INTO dishes VALUES(356,37,'Treacle sponge pudding','with custard',575,'2011-01-26 16:09:59','2011-01-26 16:09:59',1,NULL,NULL,NULL,NULL,NULL);
INSERT INTO dishes VALUES(357,37,'William pear tarte tatin','with vanilla ice cream (to share)',1400,'2011-01-26 16:09:59','2011-01-26 16:09:59',2,NULL,NULL,NULL,NULL,NULL);
INSERT INTO dishes VALUES(358,37,'Passion fruit pannacotta','with madelines',585,'2011-01-26 16:09:59','2011-01-26 16:09:59',3,NULL,NULL,NULL,NULL,NULL);
INSERT INTO dishes VALUES(359,37,'Baked Alaska (for two persons)','with Griotte cherries',1125,'2011-01-26 16:09:59','2011-01-26 16:09:59',4,NULL,NULL,NULL,NULL,NULL);
INSERT INTO dishes VALUES(360,37,'Prosecco & clementine jelly','with lemon curd ice cream',599,'2011-01-26 16:09:59','2011-01-26 16:09:59',5,NULL,NULL,NULL,NULL,NULL);
INSERT INTO dishes VALUES(361,37,'Scandinavian iced berries','with hot white chocolate sauce',435,'2011-01-26 16:09:59','2011-01-26 16:09:59',6,NULL,NULL,NULL,NULL,NULL);
INSERT INTO dishes VALUES(362,37,'Chocolate pudding','with mint chocolate chip ice cream',675,'2011-01-26 16:09:59','2011-01-26 16:09:59',7,NULL,NULL,NULL,NULL,NULL);
INSERT INTO dishes VALUES(363,37,'Ice creams','vanilla, pistachio, chocolate',535,'2011-01-26 16:09:59','2011-01-26 16:09:59',8,NULL,NULL,NULL,NULL,NULL);
INSERT INTO dishes VALUES(381,39,'Hoy Shell Ob Gratiem','Grilled queen scallops in their shell with a garlic, bread crumbs and Thai parsley',399,'2011-01-30 23:32:56','2011-01-30 23:32:56',1,NULL,NULL,NULL,NULL,NULL);
INSERT INTO dishes VALUES(382,39,'Seafood Satay','Seafood skewers (fish, squid, scallop and prawn) served with satay peanut sauce',450,'2011-01-30 23:32:56','2011-01-30 23:32:56',2,NULL,NULL,NULL,NULL,NULL);
INSERT INTO dishes VALUES(383,39,'Kor Moo Yang','Barbequed pork with cucumber and typical Thai nam jim sauce',475,'2011-01-30 23:32:56','2011-01-30 23:32:56',3,NULL,NULL,NULL,NULL,NULL);
INSERT INTO dishes VALUES(384,39,'Tod Mun Goong','Breaded prawn cake served with plum sauce',499,'2011-01-30 23:32:56','2011-01-30 23:32:56',4,NULL,NULL,NULL,NULL,NULL);
INSERT INTO dishes VALUES(385,39,'Gai Hor Bai Toey','Deep fried chicken fillet wrapped in a pandan leaf served with sweet chilli sauce',510,'2011-01-30 23:32:56','2011-01-30 23:32:56',5,NULL,NULL,NULL,NULL,NULL);
INSERT INTO dishes VALUES(386,39,'Larb Pla Tuna','Seared tuna salad with dry chilli and lemongrass',525,'2011-01-30 23:32:56','2011-01-30 23:32:56',6,NULL,NULL,NULL,NULL,NULL);
INSERT INTO dishes VALUES(387,39,'Yum Woon Sen','Spicy glass noodle salad with prawns and minced chicken',475,'2011-01-30 23:32:56','2011-01-30 23:32:56',7,NULL,NULL,NULL,NULL,NULL);
INSERT INTO dishes VALUES(388,39,'Som Tum','Green papaya salad with cherry tomato, snake beans, peanut, dried shrimp powder and spicy lime sauce',499,'2011-01-30 23:32:56','2011-01-30 23:32:56',8,NULL,NULL,NULL,NULL,NULL);
INSERT INTO dishes VALUES(389,39,'Tom Yum Gai','The famous hot and sour chicken soup with oyster mushrooms',525,'2011-01-30 23:32:56','2011-01-30 23:32:56',9,NULL,NULL,NULL,NULL,NULL);
INSERT INTO dishes VALUES(390,39,'Tom Yum Goong','The famous hot and sour prawn soup with oyster mushroom',675,'2011-01-30 23:32:56','2011-01-30 23:32:56',10,NULL,NULL,NULL,NULL,NULL);
INSERT INTO dishes VALUES(391,40,'Salmon fishcake','with sautéed spinach and sorrel sauce',875,'2011-01-30 23:32:56','2011-01-30 23:32:56',1,NULL,NULL,NULL,NULL,NULL);
INSERT INTO dishes VALUES(392,40,'Thai-baked sea bass','with soya bean & coconut dressing',975,'2011-01-30 23:32:56','2011-01-30 23:32:56',2,NULL,NULL,NULL,NULL,NULL);
INSERT INTO dishes VALUES(393,40,'Chargrilled wild halibut','with hollandaise',890,'2011-01-30 23:32:56','2011-01-30 23:32:56',3,NULL,NULL,NULL,NULL,NULL);
INSERT INTO dishes VALUES(394,40,'Herb-crusted monkfish','with mussel & tomato harira',999,'2011-01-30 23:32:56','2011-01-30 23:32:56',4,NULL,NULL,NULL,NULL,NULL);
INSERT INTO dishes VALUES(395,40,'Deep-fried haddock','with minted pea purée, chips and tartare sauce',1050,'2011-01-30 23:32:56','2011-01-30 23:32:56',5,NULL,NULL,NULL,NULL,NULL);
INSERT INTO dishes VALUES(396,40,'Chargrilled fish of the day','served garnished',725,'2011-01-30 23:32:56','2011-01-30 23:32:56',6,NULL,NULL,NULL,NULL,NULL);
INSERT INTO dishes VALUES(397,40,'Moroccan-spiced rump of lamb','with houmous, harissa & smoked aubergine',965,'2011-01-30 23:32:56','2011-01-30 23:32:56',7,NULL,NULL,NULL,NULL,NULL);
INSERT INTO dishes VALUES(398,40,'Blythburgh pork belly','with roasted apple mash & root veg',995,'2011-01-30 23:32:56','2011-01-30 23:32:56',8,NULL,NULL,NULL,NULL,NULL);
INSERT INTO dishes VALUES(399,40,'Calf''s liver & bacon','with sage and mash potatoes',775,'2011-01-30 23:32:56','2011-01-30 23:32:56',9,NULL,NULL,NULL,NULL,NULL);
INSERT INTO dishes VALUES(400,40,'Fillet of venison','with game pie & wild chocolate sauce',625,'2011-01-30 23:32:56','2011-01-30 23:32:56',10,NULL,NULL,NULL,NULL,NULL);
INSERT INTO dishes VALUES(401,40,'Roast poulet (for two)','with foie gras stuffing, pommes sarladaises & truffle jus',1895,'2011-01-30 23:32:56','2011-01-30 23:32:56',11,NULL,NULL,NULL,NULL,NULL);
INSERT INTO dishes VALUES(402,41,'Treacle sponge pudding','with custard',575,'2011-01-30 23:32:56','2011-01-30 23:32:56',1,NULL,NULL,NULL,NULL,NULL);
INSERT INTO dishes VALUES(403,41,'William pear tarte tatin','with vanilla ice cream (to share)',1400,'2011-01-30 23:32:56','2011-01-30 23:32:56',2,NULL,NULL,NULL,NULL,NULL);
INSERT INTO dishes VALUES(404,41,'Passion fruit pannacotta','with madelines',585,'2011-01-30 23:32:56','2011-01-30 23:32:56',3,NULL,NULL,NULL,NULL,NULL);
INSERT INTO dishes VALUES(405,41,'Baked Alaska (for two persons)','with Griotte cherries',1125,'2011-01-30 23:32:56','2011-01-30 23:32:56',4,NULL,NULL,NULL,NULL,NULL);
INSERT INTO dishes VALUES(406,41,'Prosecco & clementine jelly','with lemon curd ice cream',599,'2011-01-30 23:32:56','2011-01-30 23:32:56',5,NULL,NULL,NULL,NULL,NULL);
INSERT INTO dishes VALUES(407,41,'Scandinavian iced berries','with hot white chocolate sauce',435,'2011-01-30 23:32:56','2011-01-30 23:32:56',6,NULL,NULL,NULL,NULL,NULL);
INSERT INTO dishes VALUES(408,41,'Chocolate pudding','with mint chocolate chip ice cream',675,'2011-01-30 23:32:56','2011-01-30 23:32:56',7,NULL,NULL,NULL,NULL,NULL);
INSERT INTO dishes VALUES(409,41,'Ice creams','vanilla, pistachio, chocolate',535,'2011-01-30 23:32:56','2011-01-30 23:32:56',8,NULL,NULL,NULL,NULL,NULL);
INSERT INTO dishes VALUES(410,44,'Vacio','Boneless beef flank, one of the most typical Argentine barbeque cut',1600,'2011-01-30 23:35:55','2011-02-02 21:26:32',2,NULL,NULL,NULL,NULL,NULL);
INSERT INTO dishes VALUES(411,44,'Asado','Flank on the bone, together with Vacio, the king of Argentine grills',1500,'2011-01-30 23:35:55','2011-02-02 21:26:32',1,NULL,NULL,NULL,NULL,NULL);
INSERT INTO dishes VALUES(412,44,'Cordero','Lamb cuts seasoned “Argentine way”',1500,'2011-01-30 23:35:55','2011-02-02 21:26:53',4,NULL,NULL,NULL,NULL,NULL);
INSERT INTO dishes VALUES(413,44,'Cordero Entero','Whole lamb seasoned “Argentine way”',2100,'2011-01-30 23:35:55','2011-02-02 21:26:53',3,NULL,NULL,NULL,NULL,NULL);
INSERT INTO dishes VALUES(414,45,'Chorizos criollos','Argentine style sausages (2)',400,'2011-01-30 23:35:55','2011-02-02 23:10:04',3,NULL,NULL,NULL,NULL,NULL);
INSERT INTO dishes VALUES(418,45,'Rib-eye','',NULL,'2011-01-30 23:35:55','2011-02-11 14:37:01',2,NULL,NULL,NULL,NULL,NULL);
INSERT INTO dishes VALUES(421,45,'Fillets','Prime Argentine fillet',NULL,'2011-01-30 23:35:55','2011-02-02 22:24:21',4,NULL,NULL,NULL,NULL,NULL);
INSERT INTO dishes VALUES(422,NULL,'250g',NULL,1350,'2011-01-30 23:35:55','2011-02-02 21:52:00',1,NULL,NULL,NULL,NULL,421);
INSERT INTO dishes VALUES(423,NULL,'450g',NULL,2001,'2011-01-30 23:35:55','2011-02-02 21:51:52',2,NULL,NULL,NULL,NULL,421);
INSERT INTO dishes VALUES(424,45,'Heart of Rump','Prime Argentine Heart of Rump',NULL,'2011-01-30 23:35:55','2011-02-11 14:37:01',1,NULL,NULL,NULL,NULL,NULL);
INSERT INTO dishes VALUES(425,NULL,'250g',NULL,1350,'2011-01-30 23:35:55','2011-01-30 23:35:55',2,NULL,NULL,NULL,NULL,424);
INSERT INTO dishes VALUES(426,NULL,'450g',NULL,2000,'2011-01-30 23:35:55','2011-01-30 23:35:55',3,NULL,NULL,NULL,NULL,424);
INSERT INTO dishes VALUES(427,45,'Haloumi brochette','Grilled halloumi cheese and vegetables served in a warm wrap with hummus',1200,'2011-01-30 23:35:55','2011-01-30 23:35:55',5,NULL,NULL,NULL,NULL,NULL);
INSERT INTO dishes VALUES(428,45,'Mollejas','Crispy char grilled beef sweetbreads served with a choice of lemon wedges or citrus sauce',1400,'2011-01-30 23:35:55','2011-01-30 23:35:55',6,NULL,NULL,NULL,NULL,NULL);
INSERT INTO dishes VALUES(429,45,'Entraña','Thin skirt of beef, another big Argentine favourite, 600 grs on avg',1700,'2011-01-30 23:35:55','2011-01-30 23:35:55',7,NULL,NULL,NULL,NULL,NULL);
INSERT INTO dishes VALUES(430,45,'Presa de cerdo iberico a la pizza','Char grilled acorn fed Spanish pork served with a topping of fresh tomatoes and mozzarella di buffala',1600,'2011-01-30 23:35:55','2011-01-30 23:35:55',8,NULL,NULL,NULL,NULL,NULL);
INSERT INTO dishes VALUES(431,45,'Wild Salmon envuelto en hoja de parra','Wild salmon grilled inside vine leaves and served with a dill and butter sauce',1950,'2011-01-30 23:35:55','2011-01-30 23:35:55',9,NULL,NULL,NULL,NULL,NULL);
INSERT INTO dishes VALUES(432,45,'Lomo brochette','Chargrilled vegetables and prime Argentine fillet on skewers',1500,'2011-01-30 23:35:55','2011-01-30 23:35:55',10,NULL,NULL,NULL,NULL,NULL);
INSERT INTO dishes VALUES(433,46,'A La Cruz Tradicional','Traditional Argentine barbeque selection, containing short-ribs, boneless flank, pork sausages, black pudding and other assorted cuts. (Cost per person)',NULL,'2011-01-30 23:35:55','2011-02-02 21:27:11',2,NULL,NULL,NULL,NULL,NULL);
INSERT INTO dishes VALUES(434,NULL,'Without sweetbreads',NULL,2000,'2011-01-30 23:35:55','2011-01-30 23:35:55',4,NULL,NULL,NULL,NULL,433);
INSERT INTO dishes VALUES(435,NULL,'With sweetbreads',NULL,2400,'2011-01-30 23:35:55','2011-01-30 23:35:55',5,NULL,NULL,NULL,NULL,433);
INSERT INTO dishes VALUES(436,46,'A La Cruz Maxi','A selection of sirloin, rib-eye and rump steaks with pork sausages and black pudding with an average of 500g per person',2500,'2011-01-30 23:35:55','2011-02-02 21:27:11',1,NULL,NULL,NULL,NULL,NULL);
INSERT INTO dishes VALUES(437,46,'A La Cruz Mini','A selection of sirloin, rib-eye and rump steaks with pork sausages and black pudding with an average of 350g per person',1600,'2011-01-30 23:35:55','2011-01-30 23:35:55',3,NULL,NULL,NULL,NULL,NULL);
INSERT INTO dishes VALUES(438,46,'Milanesas','Two fried thin breaded fillet steaks, one of the most popular Argentine dishes',1700,'2011-01-30 23:35:55','2011-01-30 23:35:55',4,NULL,NULL,NULL,NULL,NULL);
INSERT INTO dishes VALUES(440,NULL,NULL,NULL,NULL,'2011-02-02 08:26:23','2011-02-02 08:26:23',7,NULL,NULL,NULL,NULL,0);
INSERT INTO dishes VALUES(460,51,'Grenache / Merlot, Terre d’Or, Vin de Pays de Mediterranee 2008',NULL,NULL,'2011-02-03 14:40:00','2011-02-13 12:26:06',2,NULL,NULL,NULL,NULL,NULL);
INSERT INTO dishes VALUES(461,NULL,'Small Glass',NULL,450,'2011-02-03 14:40:00','2011-02-03 14:40:00',8,NULL,NULL,NULL,NULL,460);
INSERT INTO dishes VALUES(462,NULL,'Large Glass',NULL,650,'2011-02-03 14:40:00','2011-02-03 14:40:00',9,NULL,NULL,NULL,NULL,460);
INSERT INTO dishes VALUES(463,NULL,'Bottle',NULL,1450,'2011-02-03 14:40:00','2011-02-03 14:40:00',10,NULL,NULL,NULL,NULL,460);
INSERT INTO dishes VALUES(464,51,'Nero d’Avola / Shiraz, IL Paradosso, Sicily, Italy 2009','',NULL,'2011-02-03 14:41:26','2011-02-13 16:12:09',1,NULL,NULL,NULL,NULL,NULL);
INSERT INTO dishes VALUES(465,NULL,'Small Glasses',NULL,450,'2011-02-03 14:41:26','2011-02-13 17:17:20',1,NULL,NULL,NULL,NULL,464);
INSERT INTO dishes VALUES(466,NULL,'Large Glass',NULL,650,'2011-02-03 14:41:27','2011-02-13 17:02:04',2,NULL,NULL,NULL,NULL,464);
INSERT INTO dishes VALUES(467,NULL,'Bottle',NULL,1450,'2011-02-03 14:41:27','2011-02-13 16:05:06',3,NULL,NULL,NULL,NULL,464);
INSERT INTO dishes VALUES(468,51,'Merlot, Los Caminos, Colchagua Valley, Chile 2009',NULL,NULL,'2011-02-03 14:41:27','2011-02-03 14:41:27',3,NULL,NULL,NULL,NULL,NULL);
INSERT INTO dishes VALUES(469,NULL,'Small Glass',NULL,450,'2011-02-03 14:41:27','2011-02-03 14:41:27',14,NULL,NULL,NULL,NULL,468);
INSERT INTO dishes VALUES(470,NULL,'Large Glass',NULL,650,'2011-02-03 14:41:27','2011-02-03 14:41:27',15,NULL,NULL,NULL,NULL,468);
INSERT INTO dishes VALUES(471,NULL,'Bottle',NULL,1650,'2011-02-03 14:41:27','2011-02-03 14:41:27',16,NULL,NULL,NULL,NULL,468);
INSERT INTO dishes VALUES(472,51,'Merlot/Cabernet Sauvignon/Cabernet Franc, Klein Steenberg, South Africa 2007',NULL,NULL,'2011-02-03 14:41:27','2011-02-03 14:41:27',4,NULL,NULL,NULL,NULL,NULL);
INSERT INTO dishes VALUES(473,NULL,'Small Glass',NULL,450,'2011-02-03 14:41:27','2011-02-03 14:41:27',17,NULL,NULL,NULL,NULL,472);
INSERT INTO dishes VALUES(474,NULL,'Large Glass',NULL,650,'2011-02-03 14:41:27','2011-02-03 14:41:27',18,NULL,NULL,NULL,NULL,472);
INSERT INTO dishes VALUES(475,NULL,'Bottle',NULL,1750,'2011-02-03 14:41:27','2011-02-03 14:41:27',19,NULL,NULL,NULL,NULL,472);
INSERT INTO dishes VALUES(476,51,'Pinot Noir, Sol y Sombra, Reserve, Central Valley, Chile 2008',NULL,NULL,'2011-02-03 14:41:27','2011-02-03 14:41:27',5,NULL,NULL,NULL,NULL,NULL);
INSERT INTO dishes VALUES(477,NULL,'Small Glass',NULL,450,'2011-02-03 14:41:27','2011-02-03 14:41:27',20,NULL,NULL,NULL,NULL,476);
INSERT INTO dishes VALUES(478,NULL,'Large Glass',NULL,650,'2011-02-03 14:41:27','2011-02-03 14:41:27',21,NULL,NULL,NULL,NULL,476);
INSERT INTO dishes VALUES(479,NULL,'Bottle',NULL,1895,'2011-02-03 14:41:27','2011-02-03 14:41:27',22,NULL,NULL,NULL,NULL,476);
INSERT INTO dishes VALUES(480,51,'Vaquero Cabernet Sauvignon, Lodi, California, U.S.A 2005',NULL,NULL,'2011-02-03 14:41:27','2011-02-03 14:41:27',6,NULL,NULL,NULL,NULL,NULL);
INSERT INTO dishes VALUES(481,NULL,'Small Glass',NULL,450,'2011-02-03 14:41:27','2011-02-03 14:41:27',23,NULL,NULL,NULL,NULL,480);
INSERT INTO dishes VALUES(482,NULL,'Large Glass',NULL,650,'2011-02-03 14:41:27','2011-02-03 14:41:27',24,NULL,NULL,NULL,NULL,480);
INSERT INTO dishes VALUES(483,NULL,'Bottle',NULL,1895,'2011-02-03 14:41:27','2011-02-03 14:41:27',25,NULL,NULL,NULL,NULL,480);
INSERT INTO dishes VALUES(484,51,'Cotes-du-Rhone, Trois Couronnes, Louis Mousset, 2007',NULL,NULL,'2011-02-03 14:41:27','2011-02-03 14:41:27',7,NULL,NULL,NULL,NULL,NULL);
INSERT INTO dishes VALUES(485,NULL,'Small Glass',NULL,450,'2011-02-03 14:41:27','2011-02-03 14:41:27',26,NULL,NULL,NULL,NULL,484);
INSERT INTO dishes VALUES(486,NULL,'Large Glass',NULL,650,'2011-02-03 14:41:27','2011-02-03 14:41:27',27,NULL,NULL,NULL,NULL,484);
INSERT INTO dishes VALUES(487,NULL,'Bottle',NULL,1995,'2011-02-03 14:41:27','2011-02-03 14:41:27',28,NULL,NULL,NULL,NULL,484);
INSERT INTO dishes VALUES(488,51,'Beaujolais-Villages, Domaine Les Tours de Montmelas, 2008',NULL,NULL,'2011-02-03 14:41:27','2011-02-03 14:41:27',8,NULL,NULL,NULL,NULL,NULL);
INSERT INTO dishes VALUES(489,NULL,'Small Glass',NULL,450,'2011-02-03 14:41:27','2011-02-03 14:41:27',29,NULL,NULL,NULL,NULL,488);
INSERT INTO dishes VALUES(490,NULL,'Large Glass',NULL,650,'2011-02-03 14:41:27','2011-02-03 14:41:27',30,NULL,NULL,NULL,NULL,488);
INSERT INTO dishes VALUES(491,NULL,'Bottle',NULL,1675,'2011-02-03 14:41:27','2011-02-03 14:41:27',31,NULL,NULL,NULL,NULL,488);
INSERT INTO dishes VALUES(492,51,'Zinfandel, Wente Vineyards, Beyer ranch, San Francisco Bay, USA 2008',NULL,NULL,'2011-02-03 14:41:27','2011-02-03 14:41:27',9,NULL,NULL,NULL,NULL,NULL);
INSERT INTO dishes VALUES(493,NULL,'Small Glass',NULL,450,'2011-02-03 14:41:27','2011-02-03 14:41:27',32,NULL,NULL,NULL,NULL,492);
INSERT INTO dishes VALUES(494,NULL,'Large Glass',NULL,650,'2011-02-03 14:41:27','2011-02-03 14:41:27',33,NULL,NULL,NULL,NULL,492);
INSERT INTO dishes VALUES(495,NULL,'Bottle',NULL,1725,'2011-02-03 14:41:27','2011-02-03 14:41:27',34,NULL,NULL,NULL,NULL,492);
INSERT INTO dishes VALUES(496,51,'Cabernet Merlot, Polish Hill River, Paulett Wines, Clare Valley, Australia 2006',NULL,NULL,'2011-02-03 14:41:27','2011-02-03 14:41:27',10,NULL,NULL,NULL,NULL,NULL);
INSERT INTO dishes VALUES(497,NULL,'Small Glass',NULL,450,'2011-02-03 14:41:27','2011-02-03 14:41:27',35,NULL,NULL,NULL,NULL,496);
INSERT INTO dishes VALUES(498,NULL,'Large Glass',NULL,650,'2011-02-03 14:41:27','2011-02-03 14:41:27',36,NULL,NULL,NULL,NULL,496);
INSERT INTO dishes VALUES(499,NULL,'Bottle',NULL,1855,'2011-02-03 14:41:27','2011-02-03 14:41:27',37,NULL,NULL,NULL,NULL,496);
INSERT INTO dishes VALUES(500,51,'Pinot Noir Paper Road, Wairarapa, New Zealand 2008',NULL,NULL,'2011-02-03 14:41:27','2011-02-03 14:41:27',11,NULL,NULL,NULL,NULL,NULL);
INSERT INTO dishes VALUES(501,NULL,'Small Glass',NULL,450,'2011-02-03 14:41:27','2011-02-03 14:41:27',38,NULL,NULL,NULL,NULL,500);
INSERT INTO dishes VALUES(502,NULL,'Large Glass',NULL,650,'2011-02-03 14:41:27','2011-02-03 14:41:27',39,NULL,NULL,NULL,NULL,500);
INSERT INTO dishes VALUES(503,NULL,'Bottle',NULL,2350,'2011-02-03 14:41:27','2011-02-03 14:41:27',40,NULL,NULL,NULL,NULL,500);
INSERT INTO dishes VALUES(504,51,'Cabernet Sauvignon, Castle Rock, Napa Valley, California, USA 2007',NULL,NULL,'2011-02-03 14:41:27','2011-02-03 14:41:27',12,NULL,NULL,NULL,NULL,NULL);
INSERT INTO dishes VALUES(505,NULL,'Small Glass',NULL,450,'2011-02-03 14:41:27','2011-02-03 14:41:27',41,NULL,NULL,NULL,NULL,504);
INSERT INTO dishes VALUES(506,NULL,'Large Glass',NULL,650,'2011-02-03 14:41:27','2011-02-03 14:41:27',42,NULL,NULL,NULL,NULL,504);
INSERT INTO dishes VALUES(507,NULL,'Bottle',NULL,2285,'2011-02-03 14:41:27','2011-02-03 14:41:27',43,NULL,NULL,NULL,NULL,504);
INSERT INTO dishes VALUES(508,51,'Pesquera Crianza, Bodegas Alejandro Fernandez, Ribera del Duero, Spain 2007',NULL,NULL,'2011-02-03 14:41:27','2011-02-03 14:41:27',13,NULL,NULL,NULL,NULL,NULL);
INSERT INTO dishes VALUES(509,NULL,'Small Glass',NULL,450,'2011-02-03 14:41:27','2011-02-03 14:41:27',44,NULL,NULL,NULL,NULL,508);
INSERT INTO dishes VALUES(510,NULL,'Large Glass',NULL,650,'2011-02-03 14:41:27','2011-02-03 14:41:27',45,NULL,NULL,NULL,NULL,508);
INSERT INTO dishes VALUES(511,NULL,'Bottle',NULL,2500,'2011-02-03 14:41:27','2011-02-03 14:41:27',46,NULL,NULL,NULL,NULL,508);
INSERT INTO dishes VALUES(512,51,'Margari, Ca’Marcanda, Angelo Gaja, Tuscany, Italy 2006',NULL,NULL,'2011-02-03 14:41:27','2011-02-03 14:41:27',14,NULL,NULL,NULL,NULL,NULL);
INSERT INTO dishes VALUES(513,NULL,'Small Glass',NULL,450,'2011-02-03 14:41:27','2011-02-03 14:41:27',47,NULL,NULL,NULL,NULL,512);
INSERT INTO dishes VALUES(514,NULL,'Large Glass',NULL,650,'2011-02-03 14:41:27','2011-02-03 14:41:27',48,NULL,NULL,NULL,NULL,512);
INSERT INTO dishes VALUES(515,NULL,'Bottle',NULL,2695,'2011-02-03 14:41:27','2011-02-03 14:41:27',49,NULL,NULL,NULL,NULL,512);
INSERT INTO dishes VALUES(516,52,'Sauvignon Blanc / Ugni Blanc, Le Pionnier Blanc, Cotes de Gascogne 2009',NULL,NULL,'2011-02-03 14:51:53','2011-02-03 14:51:53',1,NULL,NULL,NULL,NULL,NULL);
INSERT INTO dishes VALUES(517,NULL,'Small Glass',NULL,450,'2011-02-03 14:51:53','2011-02-03 14:51:53',50,NULL,NULL,NULL,NULL,516);
INSERT INTO dishes VALUES(518,NULL,'Large Glass',NULL,650,'2011-02-03 14:51:53','2011-02-03 14:51:53',51,NULL,NULL,NULL,NULL,516);
INSERT INTO dishes VALUES(519,NULL,'Bottle',NULL,1450,'2011-02-03 14:51:53','2011-02-03 14:51:53',52,NULL,NULL,NULL,NULL,516);
INSERT INTO dishes VALUES(520,52,'Chardonnay/Pinot Bianco, Riva delle Venezie, Veneto, Italy 2009',NULL,NULL,'2011-02-03 14:51:53','2011-02-03 14:51:53',2,NULL,NULL,NULL,NULL,NULL);
INSERT INTO dishes VALUES(521,NULL,'Small Glass',NULL,450,'2011-02-03 14:51:53','2011-02-03 14:51:53',53,NULL,NULL,NULL,NULL,520);
INSERT INTO dishes VALUES(522,NULL,'Large Glass',NULL,650,'2011-02-03 14:51:53','2011-02-03 14:51:53',54,NULL,NULL,NULL,NULL,520);
INSERT INTO dishes VALUES(523,NULL,'Bottle',NULL,1450,'2011-02-03 14:51:53','2011-02-03 14:51:53',55,NULL,NULL,NULL,NULL,520);
INSERT INTO dishes VALUES(524,52,'Chenin Blanc, Backsberg Estate Cellars, Paarl, South Africa 2009',NULL,NULL,'2011-02-03 14:51:53','2011-02-03 14:51:53',3,NULL,NULL,NULL,NULL,NULL);
INSERT INTO dishes VALUES(525,NULL,'Small Glass',NULL,450,'2011-02-03 14:51:53','2011-02-03 14:51:53',56,NULL,NULL,NULL,NULL,524);
INSERT INTO dishes VALUES(526,NULL,'Large Glass',NULL,650,'2011-02-03 14:51:53','2011-02-03 14:51:53',57,NULL,NULL,NULL,NULL,524);
INSERT INTO dishes VALUES(527,NULL,'Bottle',NULL,1650,'2011-02-03 14:51:53','2011-02-03 14:51:53',58,NULL,NULL,NULL,NULL,524);
INSERT INTO dishes VALUES(528,52,'Sauvignon Blanc, Los Caminos, Colchagua Valley, Chile 2009',NULL,NULL,'2011-02-03 14:51:53','2011-02-03 14:51:53',4,NULL,NULL,NULL,NULL,NULL);
INSERT INTO dishes VALUES(529,NULL,'Small Glass',NULL,450,'2011-02-03 14:51:53','2011-02-03 14:51:53',59,NULL,NULL,NULL,NULL,528);
INSERT INTO dishes VALUES(530,NULL,'Large Glass',NULL,650,'2011-02-03 14:51:53','2011-02-03 14:51:53',60,NULL,NULL,NULL,NULL,528);
INSERT INTO dishes VALUES(531,NULL,'Bottle',NULL,1750,'2011-02-03 14:51:53','2011-02-03 14:51:53',61,NULL,NULL,NULL,NULL,528);
INSERT INTO dishes VALUES(532,52,'Gros Manseng, Domaine Cambos, Cotes de Gascogne 2009',NULL,NULL,'2011-02-03 14:51:53','2011-02-03 14:51:53',5,NULL,NULL,NULL,NULL,NULL);
INSERT INTO dishes VALUES(533,NULL,'Small Glass',NULL,450,'2011-02-03 14:51:53','2011-02-03 14:51:53',62,NULL,NULL,NULL,NULL,532);
INSERT INTO dishes VALUES(534,NULL,'Large Glass',NULL,650,'2011-02-03 14:51:53','2011-02-03 14:51:53',63,NULL,NULL,NULL,NULL,532);
INSERT INTO dishes VALUES(535,NULL,'Bottle',NULL,1895,'2011-02-03 14:51:53','2011-02-03 14:51:53',64,NULL,NULL,NULL,NULL,532);
INSERT INTO dishes VALUES(536,52,'Pinot Grigio, Ca’Luca, Delle Venezie 2009',NULL,NULL,'2011-02-03 14:51:53','2011-02-03 14:51:53',6,NULL,NULL,NULL,NULL,NULL);
INSERT INTO dishes VALUES(537,NULL,'Small Glass',NULL,450,'2011-02-03 14:51:53','2011-02-03 14:51:53',65,NULL,NULL,NULL,NULL,536);
INSERT INTO dishes VALUES(538,NULL,'Large Glass',NULL,650,'2011-02-03 14:51:53','2011-02-03 14:51:53',66,NULL,NULL,NULL,NULL,536);
INSERT INTO dishes VALUES(539,NULL,'Bottle',NULL,1895,'2011-02-03 14:51:53','2011-02-03 14:51:53',67,NULL,NULL,NULL,NULL,536);
INSERT INTO dishes VALUES(540,52,'Viognier, La Playa, Colchagua Valley, Chile 2009',NULL,NULL,'2011-02-03 14:51:53','2011-02-03 14:51:53',7,NULL,NULL,NULL,NULL,NULL);
INSERT INTO dishes VALUES(541,NULL,'Small Glass',NULL,450,'2011-02-03 14:51:53','2011-02-03 14:51:53',68,NULL,NULL,NULL,NULL,540);
INSERT INTO dishes VALUES(542,NULL,'Large Glass',NULL,650,'2011-02-03 14:51:53','2011-02-03 14:51:53',69,NULL,NULL,NULL,NULL,540);
INSERT INTO dishes VALUES(543,NULL,'Bottle',NULL,1995,'2011-02-03 14:51:53','2011-02-03 14:51:53',70,NULL,NULL,NULL,NULL,540);
INSERT INTO dishes VALUES(544,52,'Chardonnay Sur Lie, De Wetshof Estate, Robertson, South Africa 2009',NULL,NULL,'2011-02-03 14:51:53','2011-02-03 14:51:53',8,NULL,NULL,NULL,NULL,NULL);
INSERT INTO dishes VALUES(545,NULL,'Small Glass',NULL,450,'2011-02-03 14:51:53','2011-02-03 14:51:53',71,NULL,NULL,NULL,NULL,544);
INSERT INTO dishes VALUES(546,NULL,'Large Glass',NULL,650,'2011-02-03 14:51:53','2011-02-03 14:51:53',72,NULL,NULL,NULL,NULL,544);
INSERT INTO dishes VALUES(547,NULL,'Bottle',NULL,1675,'2011-02-03 14:51:53','2011-02-03 14:51:53',73,NULL,NULL,NULL,NULL,544);
INSERT INTO dishes VALUES(548,52,'Riesling, Duckbill, Great Southern Region, Western Australia 2008',NULL,NULL,'2011-02-03 14:51:53','2011-02-03 14:51:53',9,NULL,NULL,NULL,NULL,NULL);
INSERT INTO dishes VALUES(549,NULL,'Small Glass',NULL,450,'2011-02-03 14:51:53','2011-02-03 14:51:53',74,NULL,NULL,NULL,NULL,548);
INSERT INTO dishes VALUES(550,NULL,'Large Glass',NULL,650,'2011-02-03 14:51:53','2011-02-03 14:51:53',75,NULL,NULL,NULL,NULL,548);
INSERT INTO dishes VALUES(551,NULL,'Bottle',NULL,1725,'2011-02-03 14:51:53','2011-02-03 14:51:53',76,NULL,NULL,NULL,NULL,548);
INSERT INTO dishes VALUES(552,52,'Torrontes, Nomade, Cafayate, Argentina 2009',NULL,NULL,'2011-02-03 14:51:53','2011-02-03 14:51:53',10,NULL,NULL,NULL,NULL,NULL);
INSERT INTO dishes VALUES(553,NULL,'Small Glass',NULL,450,'2011-02-03 14:51:53','2011-02-03 14:51:53',77,NULL,NULL,NULL,NULL,552);
INSERT INTO dishes VALUES(554,NULL,'Large Glass',NULL,650,'2011-02-03 14:51:54','2011-02-03 14:51:54',78,NULL,NULL,NULL,NULL,552);
INSERT INTO dishes VALUES(555,NULL,'Bottle',NULL,1855,'2011-02-03 14:51:54','2011-02-03 14:51:54',79,NULL,NULL,NULL,NULL,552);
INSERT INTO dishes VALUES(556,52,'Gewurztraminer, Paul & Phillipe Zinck, Alsace 2008',NULL,NULL,'2011-02-03 14:51:54','2011-02-03 14:51:54',11,NULL,NULL,NULL,NULL,NULL);
INSERT INTO dishes VALUES(557,NULL,'Small Glass',NULL,450,'2011-02-03 14:51:54','2011-02-03 14:51:54',80,NULL,NULL,NULL,NULL,556);
INSERT INTO dishes VALUES(558,NULL,'Large Glass',NULL,650,'2011-02-03 14:51:54','2011-02-03 14:51:54',81,NULL,NULL,NULL,NULL,556);
INSERT INTO dishes VALUES(559,NULL,'Bottle',NULL,2350,'2011-02-03 14:51:54','2011-02-03 14:51:54',82,NULL,NULL,NULL,NULL,556);
INSERT INTO dishes VALUES(560,52,'Pinot Gris, Willunga 100, Adelaide Hills, South Australia 2009',NULL,NULL,'2011-02-03 14:51:54','2011-02-03 14:51:54',12,NULL,NULL,NULL,NULL,NULL);
INSERT INTO dishes VALUES(561,NULL,'Small Glass',NULL,450,'2011-02-03 14:51:54','2011-02-03 14:51:54',83,NULL,NULL,NULL,NULL,560);
INSERT INTO dishes VALUES(562,NULL,'Large Glass',NULL,650,'2011-02-03 14:51:54','2011-02-03 14:51:54',84,NULL,NULL,NULL,NULL,560);
INSERT INTO dishes VALUES(563,NULL,'Bottle',NULL,2285,'2011-02-03 14:51:54','2011-02-03 14:51:54',85,NULL,NULL,NULL,NULL,560);
INSERT INTO dishes VALUES(564,52,'Albarino, Ramon Bilboa, Rias Baixas, Spain 2009',NULL,NULL,'2011-02-03 14:51:54','2011-02-03 14:51:54',13,NULL,NULL,NULL,NULL,NULL);
INSERT INTO dishes VALUES(565,NULL,'Small Glass',NULL,450,'2011-02-03 14:51:54','2011-02-03 14:51:54',86,NULL,NULL,NULL,NULL,564);
INSERT INTO dishes VALUES(566,NULL,'Large Glass',NULL,650,'2011-02-03 14:51:54','2011-02-03 14:51:54',87,NULL,NULL,NULL,NULL,564);
INSERT INTO dishes VALUES(567,NULL,'Bottle',NULL,2500,'2011-02-03 14:51:54','2011-02-03 14:51:54',88,NULL,NULL,NULL,NULL,564);
INSERT INTO dishes VALUES(568,52,'Sauvignon Blanc, Durvillea, Marlborough, New Zealand 2009',NULL,NULL,'2011-02-03 14:51:54','2011-02-03 14:51:54',14,NULL,NULL,NULL,NULL,NULL);
INSERT INTO dishes VALUES(569,NULL,'Small Glass',NULL,450,'2011-02-03 14:51:54','2011-02-03 14:51:54',89,NULL,NULL,NULL,NULL,568);
INSERT INTO dishes VALUES(570,NULL,'Large Glass',NULL,650,'2011-02-03 14:51:54','2011-02-03 14:51:54',90,NULL,NULL,NULL,NULL,568);
INSERT INTO dishes VALUES(571,NULL,'Bottle',NULL,2695,'2011-02-03 14:51:54','2011-02-03 14:51:54',91,NULL,NULL,NULL,NULL,568);
INSERT INTO dishes VALUES(572,53,'Pinot Noir, Croix d’Or, Vin de Pays du Val de Loire 2009',NULL,NULL,'2011-02-03 14:51:54','2011-02-03 14:51:54',1,NULL,NULL,NULL,NULL,NULL);
INSERT INTO dishes VALUES(573,NULL,'Small Glass',NULL,450,'2011-02-03 14:51:54','2011-02-03 14:51:54',92,NULL,NULL,NULL,NULL,572);
INSERT INTO dishes VALUES(574,NULL,'Large Glass',NULL,650,'2011-02-03 14:51:54','2011-02-03 14:51:54',93,NULL,NULL,NULL,NULL,572);
INSERT INTO dishes VALUES(575,NULL,'Bottle',NULL,1995,'2011-02-03 14:51:54','2011-02-03 14:51:54',94,NULL,NULL,NULL,NULL,572);
INSERT INTO dishes VALUES(576,53,'Grenache Noir / Cinsault, Le Poussin, Pays d’Oc 2009',NULL,NULL,'2011-02-03 14:51:54','2011-02-03 14:51:54',2,NULL,NULL,NULL,NULL,NULL);
INSERT INTO dishes VALUES(577,NULL,'Small Glass',NULL,450,'2011-02-03 14:51:54','2011-02-03 14:51:54',95,NULL,NULL,NULL,NULL,576);
INSERT INTO dishes VALUES(578,NULL,'Large Glass',NULL,650,'2011-02-03 14:51:54','2011-02-03 14:51:54',96,NULL,NULL,NULL,NULL,576);
INSERT INTO dishes VALUES(579,NULL,'Bottle',NULL,1675,'2011-02-03 14:51:54','2011-02-03 14:51:54',97,NULL,NULL,NULL,NULL,576);
INSERT INTO dishes VALUES(580,53,'Cabernet Sauvignon, Mulderbosch, Stellenbosch, South Africa 2009',NULL,NULL,'2011-02-03 14:51:54','2011-02-03 14:51:54',3,NULL,NULL,NULL,NULL,NULL);
INSERT INTO dishes VALUES(581,NULL,'Small Glass',NULL,450,'2011-02-03 14:51:54','2011-02-03 14:51:54',98,NULL,NULL,NULL,NULL,580);
INSERT INTO dishes VALUES(582,NULL,'Large Glass',NULL,650,'2011-02-03 14:51:54','2011-02-03 14:51:54',99,NULL,NULL,NULL,NULL,580);
INSERT INTO dishes VALUES(583,NULL,'Bottle',NULL,1725,'2011-02-03 14:51:54','2011-02-03 14:51:54',100,NULL,NULL,NULL,NULL,580);
INSERT INTO dishes VALUES(584,53,'Côteaux de Peyriac, Domaine Massamier la Mignarde France 2008',NULL,NULL,'2011-02-03 14:51:54','2011-02-03 14:51:54',4,NULL,NULL,NULL,NULL,NULL);
INSERT INTO dishes VALUES(585,NULL,'Small Glass',NULL,450,'2011-02-03 14:51:54','2011-02-03 14:51:54',101,NULL,NULL,NULL,NULL,584);
INSERT INTO dishes VALUES(586,NULL,'Large Glass',NULL,650,'2011-02-03 14:51:54','2011-02-03 14:51:54',102,NULL,NULL,NULL,NULL,584);
INSERT INTO dishes VALUES(587,NULL,'Bottle',NULL,1855,'2011-02-03 14:51:54','2011-02-03 14:51:54',103,NULL,NULL,NULL,NULL,584);
INSERT INTO dishes VALUES(588,53,'Malbec Rosé ‘La Flor’, Mendoza Argentina 2009',NULL,NULL,'2011-02-03 14:51:54','2011-02-03 14:51:54',5,NULL,NULL,NULL,NULL,NULL);
INSERT INTO dishes VALUES(589,NULL,'Small Glass',NULL,450,'2011-02-03 14:51:54','2011-02-03 14:51:54',104,NULL,NULL,NULL,NULL,588);
INSERT INTO dishes VALUES(590,NULL,'Large Glass',NULL,650,'2011-02-03 14:51:54','2011-02-03 14:51:54',105,NULL,NULL,NULL,NULL,588);
INSERT INTO dishes VALUES(591,NULL,'Bottle',NULL,2350,'2011-02-03 14:51:54','2011-02-03 14:51:54',106,NULL,NULL,NULL,NULL,588);
INSERT INTO dishes VALUES(592,53,'Château de Fonscolombe Rosé, Côteaux d''Aix en Provence France 2009',NULL,NULL,'2011-02-03 14:51:54','2011-02-03 14:51:54',6,NULL,NULL,NULL,NULL,NULL);
INSERT INTO dishes VALUES(593,NULL,'Small Glass',NULL,450,'2011-02-03 14:51:54','2011-02-03 14:51:54',107,NULL,NULL,NULL,NULL,592);
INSERT INTO dishes VALUES(594,NULL,'Large Glass',NULL,650,'2011-02-03 14:51:54','2011-02-03 14:51:54',108,NULL,NULL,NULL,NULL,592);
INSERT INTO dishes VALUES(595,NULL,'Bottle',NULL,2285,'2011-02-03 14:51:54','2011-02-03 14:51:54',109,NULL,NULL,NULL,NULL,592);
INSERT INTO dishes VALUES(596,53,'Sancerre Rosé, Domaine Sautereau, Loire France 2009',NULL,NULL,'2011-02-03 14:51:54','2011-02-03 14:51:54',7,NULL,NULL,NULL,NULL,NULL);
INSERT INTO dishes VALUES(597,NULL,'Small Glass',NULL,450,'2011-02-03 14:51:54','2011-02-03 14:51:54',110,NULL,NULL,NULL,NULL,596);
INSERT INTO dishes VALUES(598,NULL,'Large Glass',NULL,650,'2011-02-03 14:51:54','2011-02-03 14:51:54',111,NULL,NULL,NULL,NULL,596);
INSERT INTO dishes VALUES(599,NULL,'Bottle',NULL,2500,'2011-02-03 14:51:54','2011-02-03 14:51:54',112,NULL,NULL,NULL,NULL,596);
INSERT INTO dishes VALUES(600,53,'Bandol Rosé, Domaine de Terrebrune, Provence France 2009',NULL,NULL,'2011-02-03 14:51:54','2011-02-03 14:51:54',8,NULL,NULL,NULL,NULL,NULL);
INSERT INTO dishes VALUES(601,NULL,'Small Glass',NULL,450,'2011-02-03 14:51:54','2011-02-03 14:51:54',113,NULL,NULL,NULL,NULL,600);
INSERT INTO dishes VALUES(602,NULL,'Large Glass',NULL,650,'2011-02-03 14:51:54','2011-02-03 14:51:54',114,NULL,NULL,NULL,NULL,600);
INSERT INTO dishes VALUES(603,NULL,'Bottle',NULL,2695,'2011-02-03 14:51:54','2011-02-03 14:51:54',115,NULL,NULL,NULL,NULL,600);
INSERT INTO dishes VALUES(604,2,'Lamb curry','with a cumin and coriander sauce',975,'2011-02-07 10:14:53','2011-02-07 10:14:55',1,'curry.jpg','image/jpeg',19798,'2011-02-07 10:14:53',NULL);
INSERT INTO dishes VALUES(605,2,'Lasagne','with bolognese sauce',999,'2011-02-07 10:14:57','2011-02-07 10:14:57',2,'lasagne.jpg','image/jpeg',19785,'2011-02-07 10:14:57',NULL);
INSERT INTO dishes VALUES(606,2,'Stir-fried noodles','with fresh seasonal vegetables',850,'2011-02-07 10:14:59','2011-02-07 10:14:59',3,'noodles.jpg','image/jpeg',19664,'2011-02-07 10:14:59',NULL);
INSERT INTO dishes VALUES(607,2,'Mushroom tagliatelli','with a cream and herb sauce',899,'2011-02-07 10:15:00','2011-02-07 10:15:01',4,'pasta.jpg','image/jpeg',19645,'2011-02-07 10:15:00',NULL);
INSERT INTO dishes VALUES(608,2,'Homemade italian pizza','cooked in our wood fired oven',750,'2011-02-07 10:15:02','2011-02-07 10:15:02',5,'pizza.jpg','image/jpeg',19275,'2011-02-07 10:15:02',NULL);
INSERT INTO dishes VALUES(609,2,'Three cheese pizza','with your choice of toppings',875,'2011-02-07 10:15:03','2011-02-07 10:15:03',6,'chessy_pizza.jpg','image/jpeg',19011,'2011-02-07 10:15:03',NULL);
INSERT INTO dishes VALUES(610,2,'Spinach and chickpea casserole','served with creamed potato and seasonal vegetables',899,'2011-02-07 10:15:05','2011-02-07 10:15:05',7,'spinach_chick_pea.jpg','image/jpeg',19183,'2011-02-07 10:15:05',NULL);
INSERT INTO dishes VALUES(611,2,'Argentinian steak','cooked to your liking and served with hand cut chips',1299,'2011-02-07 10:15:06','2011-02-07 10:15:06',8,'steak.jpg','image/jpeg',20129,'2011-02-07 10:15:06',NULL);
INSERT INTO dishes VALUES(612,2,'Herb stuffed lamb fillets','with a tarragon sauce and green beans',1199,'2011-02-07 10:15:08','2011-02-07 10:15:08',9,'stuffed_steak.jpg','image/jpeg',19649,'2011-02-07 10:15:08',NULL);
INSERT INTO dishes VALUES(613,2,'Chicken tikka masala','served with rice and a garlic naan',1099,'2011-02-07 10:15:09','2011-02-07 10:15:09',10,'tikka.jpg','image/jpeg',19904,'2011-02-07 10:15:09',NULL);
INSERT INTO dishes VALUES(614,55,'Test dish','',899,'2011-02-11 19:24:40','2011-02-11 19:24:40',1,NULL,NULL,NULL,NULL,NULL);
CREATE TABLE wines (id INTEGER PRIMARY KEY AUTO_INCREMENT NOT NULL, name varchar(255), price integer(255), small integer(255), large integer(255), carafe integer(255), created_at datetime, updated_at datetime, category varchar(255), menu_id integer, position integer);
CREATE TABLE orders (id INTEGER PRIMARY KEY AUTO_INCREMENT NOT NULL, customer_id integer, time varchar(255), date date, created_at datetime, updated_at datetime, site_id integer);
INSERT INTO orders VALUES(5,1,NULL,NULL,'2011-01-23 20:13:21','2011-01-23 20:15:08',5);
INSERT INTO orders VALUES(6,NULL,NULL,NULL,'2011-01-23 20:18:28','2011-01-23 20:18:28',5);
INSERT INTO orders VALUES(7,NULL,NULL,NULL,'2011-01-23 20:19:49','2011-01-23 20:19:49',5);
INSERT INTO orders VALUES(8,1,'20:30',NULL,'2011-01-23 20:48:46','2011-01-23 21:40:20',5);
INSERT INTO orders VALUES(9,NULL,NULL,NULL,'2011-01-23 21:45:50','2011-01-23 21:45:50',5);
INSERT INTO orders VALUES(10,NULL,NULL,NULL,'2011-01-23 22:46:56','2011-01-23 22:46:56',5);
INSERT INTO orders VALUES(11,1,NULL,NULL,'2011-01-23 22:51:55','2011-01-23 22:52:16',5);
INSERT INTO orders VALUES(12,3,'20:30',NULL,'2011-01-23 22:52:30','2011-01-23 22:53:38',5);
INSERT INTO orders VALUES(13,NULL,NULL,NULL,'2011-01-23 22:54:42','2011-01-23 22:54:42',5);
INSERT INTO orders VALUES(14,2,NULL,NULL,'2011-01-23 23:01:55','2011-01-23 23:02:24',5);
INSERT INTO orders VALUES(15,3,'20:00',NULL,'2011-01-23 23:05:26','2011-01-23 23:09:40',5);
INSERT INTO orders VALUES(16,NULL,NULL,NULL,'2011-01-24 07:01:45','2011-01-24 07:01:45',5);
INSERT INTO orders VALUES(17,NULL,NULL,NULL,'2011-01-24 07:23:44','2011-01-24 07:23:44',5);
INSERT INTO orders VALUES(18,NULL,NULL,NULL,'2011-01-24 07:24:15','2011-01-24 07:24:15',5);
INSERT INTO orders VALUES(19,NULL,NULL,NULL,'2011-01-24 10:06:19','2011-01-24 10:06:19',5);
INSERT INTO orders VALUES(20,NULL,NULL,NULL,'2011-01-24 18:16:29','2011-01-24 18:16:29',5);
INSERT INTO orders VALUES(21,NULL,NULL,NULL,'2011-01-24 21:23:02','2011-01-24 21:23:02',5);
INSERT INTO orders VALUES(22,3,NULL,NULL,'2011-01-24 21:28:47','2011-01-24 21:31:04',5);
INSERT INTO orders VALUES(23,NULL,NULL,NULL,'2011-01-24 21:31:16','2011-01-24 21:31:16',5);
INSERT INTO orders VALUES(24,NULL,NULL,NULL,'2011-01-24 21:39:43','2011-01-24 21:39:43',5);
INSERT INTO orders VALUES(25,NULL,NULL,NULL,'2011-01-24 21:40:42','2011-01-24 21:40:42',5);
INSERT INTO orders VALUES(26,NULL,NULL,NULL,'2011-01-24 21:42:46','2011-01-24 21:42:46',5);
INSERT INTO orders VALUES(27,NULL,NULL,NULL,'2011-01-24 21:44:18','2011-01-24 21:44:18',5);
INSERT INTO orders VALUES(28,NULL,NULL,NULL,'2011-01-24 21:44:44','2011-01-24 21:44:44',5);
INSERT INTO orders VALUES(29,3,NULL,NULL,'2011-01-24 21:46:05','2011-01-24 21:46:05',5);
INSERT INTO orders VALUES(30,3,'22:00',NULL,'2011-01-24 21:46:49','2011-01-24 21:51:31',5);
INSERT INTO orders VALUES(31,3,'21:30',NULL,'2011-01-25 10:24:13','2011-01-25 10:24:53',5);
INSERT INTO orders VALUES(32,3,NULL,NULL,'2011-01-25 10:49:04','2011-01-25 10:49:04',5);
INSERT INTO orders VALUES(33,3,'20:30',NULL,'2011-01-25 14:42:34','2011-01-25 14:42:59',5);
INSERT INTO orders VALUES(34,NULL,NULL,NULL,'2011-01-25 22:28:58','2011-01-25 22:28:58',10);
INSERT INTO orders VALUES(35,3,NULL,NULL,'2011-01-25 22:32:41','2011-01-25 22:32:41',5);
INSERT INTO orders VALUES(36,3,NULL,NULL,'2011-01-25 22:36:22','2011-01-25 22:36:22',5);
INSERT INTO orders VALUES(37,NULL,NULL,NULL,'2011-01-25 22:42:09','2011-01-25 22:42:09',10);
INSERT INTO orders VALUES(38,3,'20:00',NULL,'2011-01-27 14:14:06','2011-01-27 14:14:32',5);
INSERT INTO orders VALUES(39,3,NULL,NULL,'2011-01-27 15:13:40','2011-01-27 15:13:40',5);
INSERT INTO orders VALUES(40,3,NULL,NULL,'2011-01-27 19:09:43','2011-01-27 19:09:43',5);
INSERT INTO orders VALUES(41,3,NULL,NULL,'2011-01-27 21:11:37','2011-01-27 21:11:37',5);
INSERT INTO orders VALUES(42,4,'',NULL,'2011-01-27 21:12:33','2011-01-27 21:14:41',5);
INSERT INTO orders VALUES(43,4,NULL,NULL,'2011-01-27 22:09:24','2011-01-27 22:09:24',5);
INSERT INTO orders VALUES(44,NULL,NULL,NULL,'2011-02-06 13:40:17','2011-02-06 13:40:17',10);
INSERT INTO orders VALUES(45,NULL,NULL,NULL,'2011-02-07 14:57:46','2011-02-07 14:57:46',1);
INSERT INTO orders VALUES(46,NULL,NULL,NULL,'2011-02-07 14:59:46','2011-02-07 14:59:46',1);
INSERT INTO orders VALUES(47,NULL,NULL,NULL,'2011-02-07 15:01:49','2011-02-07 15:01:49',1);
INSERT INTO orders VALUES(48,NULL,NULL,NULL,'2011-02-07 15:02:04','2011-02-07 15:02:04',1);
INSERT INTO orders VALUES(49,NULL,NULL,NULL,'2011-02-07 15:04:04','2011-02-07 15:04:04',1);
INSERT INTO orders VALUES(50,NULL,NULL,NULL,'2011-02-07 15:04:41','2011-02-07 15:04:41',1);
INSERT INTO orders VALUES(51,NULL,NULL,NULL,'2011-02-07 15:05:29','2011-02-07 15:05:29',1);
CREATE TABLE customers (id INTEGER PRIMARY KEY AUTO_INCREMENT NOT NULL, name varchar(255), address1 varchar(255), address2 varchar(255), city varchar(255), postcode varchar(255), phone varchar(255), email varchar(255), encrypted_password varchar(255), salt varchar(255), remember_token varchar(255), created_at datetime, updated_at datetime, site_id integer);
INSERT INTO customers VALUES(1,'Shelley','225 Bedford Hill, 225 Bedford Hill, 225 Bedford Hill, 225 Bedford Hill, 225 Bedford Hill','Balham','London','SW129HU','0123012301230','shelley@hotmail.com','bc4381cdb87f677a45a0954e63d89a5c1ab13c25f665aff83a6223f8d5a0a321','ce857803ba9f0f2d81fbfce3dd24aebf12117580ce6e182d8554460ba7fd35bd',NULL,'2011-01-23 20:15:08','2011-01-23 22:10:26',NULL);
INSERT INTO customers VALUES(3,'Nick','25 Bedford Hill','Tooting','London','SW56FT','01201201230','nick@hotmail.com','691273c751dbd121cc8fe54869f2f0ea9d3ad8f803f8c3ab6bdeecde737f3e33','0c76030787b85820a562cbcb9e8e09e0fb48eca6cf1fd084eb3cdbdcb0884a0b',NULL,'2011-01-23 22:52:54','2011-01-23 22:53:38',NULL);
INSERT INTO customers VALUES(4,'Adam','25 Bedford Hill','London','London','SW129HU','101201230','as_randall@hotmail.com','d703ca8887974661fbe7575278c886f5888b8b952b1b647abe5add761db027cf','e1b4985acc6ce2bc3f31da1e449fd633e5970715904b9ab301f16d26b733cbd8',NULL,'2011-01-27 21:13:11','2011-01-27 21:14:41',NULL);
CREATE TABLE items (id INTEGER PRIMARY KEY AUTO_INCREMENT NOT NULL, dish_id integer, quantity integer, order_id integer, created_at datetime, updated_at datetime);
INSERT INTO items VALUES(1,218,NULL,NULL,'2011-01-23 12:44:12','2011-01-23 12:44:12');
INSERT INTO items VALUES(2,191,1,4,'2011-01-23 20:00:41','2011-01-23 20:00:41');
INSERT INTO items VALUES(3,192,1,4,'2011-01-23 20:00:55','2011-01-23 20:00:55');
INSERT INTO items VALUES(4,196,1,4,'2011-01-23 20:04:09','2011-01-23 20:04:09');
INSERT INTO items VALUES(5,192,2,5,'2011-01-23 20:13:24','2011-01-23 20:13:48');
INSERT INTO items VALUES(6,200,1,5,'2011-01-23 20:13:33','2011-01-23 20:13:33');
INSERT INTO items VALUES(7,191,1,6,'2011-01-23 20:18:31','2011-01-23 20:18:31');
INSERT INTO items VALUES(8,191,1,7,'2011-01-23 20:19:52','2011-01-23 20:19:52');
INSERT INTO items VALUES(10,192,1,8,'2011-01-23 21:42:00','2011-01-23 21:42:00');
INSERT INTO items VALUES(11,194,1,8,'2011-01-23 21:42:59','2011-01-23 21:42:59');
INSERT INTO items VALUES(12,201,2,8,'2011-01-23 21:43:07','2011-01-23 21:43:12');
INSERT INTO items VALUES(13,204,1,8,'2011-01-23 21:44:10','2011-01-23 21:44:10');
INSERT INTO items VALUES(14,191,1,9,'2011-01-23 21:45:55','2011-01-23 21:45:55');
INSERT INTO items VALUES(15,192,1,9,'2011-01-23 21:45:57','2011-01-23 21:45:57');
INSERT INTO items VALUES(16,193,2,9,'2011-01-23 21:46:00','2011-01-23 21:46:01');
INSERT INTO items VALUES(17,194,1,9,'2011-01-23 22:04:43','2011-01-23 22:04:43');
INSERT INTO items VALUES(18,195,1,9,'2011-01-23 22:04:45','2011-01-23 22:04:45');
INSERT INTO items VALUES(19,196,1,9,'2011-01-23 22:04:46','2011-01-23 22:04:46');
INSERT INTO items VALUES(20,197,1,9,'2011-01-23 22:04:47','2011-01-23 22:04:47');
INSERT INTO items VALUES(21,198,1,9,'2011-01-23 22:04:49','2011-01-23 22:04:49');
INSERT INTO items VALUES(22,199,1,9,'2011-01-23 22:04:50','2011-01-23 22:04:50');
INSERT INTO items VALUES(23,211,1,9,'2011-01-23 22:04:53','2011-01-23 22:04:53');
INSERT INTO items VALUES(24,218,1,9,'2011-01-23 22:04:57','2011-01-23 22:04:57');
INSERT INTO items VALUES(25,217,1,9,'2011-01-23 22:05:00','2011-01-23 22:05:00');
INSERT INTO items VALUES(26,215,1,9,'2011-01-23 22:05:04','2011-01-23 22:05:04');
INSERT INTO items VALUES(27,216,1,9,'2011-01-23 22:05:07','2011-01-23 22:05:07');
INSERT INTO items VALUES(28,191,1,10,'2011-01-23 22:46:58','2011-01-23 22:46:58');
INSERT INTO items VALUES(29,195,1,10,'2011-01-23 22:47:02','2011-01-23 22:47:02');
INSERT INTO items VALUES(30,194,1,11,'2011-01-23 22:51:58','2011-01-23 22:51:58');
INSERT INTO items VALUES(31,210,1,12,'2011-01-23 22:52:35','2011-01-23 22:52:35');
INSERT INTO items VALUES(32,191,1,13,'2011-01-23 22:54:46','2011-01-23 22:54:46');
INSERT INTO items VALUES(33,195,1,13,'2011-01-23 22:54:48','2011-01-23 22:54:48');
INSERT INTO items VALUES(34,194,1,13,'2011-01-23 23:01:16','2011-01-23 23:01:16');
INSERT INTO items VALUES(35,191,1,14,'2011-01-23 23:02:02','2011-01-23 23:02:02');
INSERT INTO items VALUES(36,193,1,14,'2011-01-23 23:02:05','2011-01-23 23:02:05');
INSERT INTO items VALUES(37,195,1,14,'2011-01-23 23:02:06','2011-01-23 23:02:06');
INSERT INTO items VALUES(38,191,1,15,'2011-01-23 23:05:29','2011-01-23 23:05:29');
INSERT INTO items VALUES(39,192,1,15,'2011-01-23 23:05:31','2011-01-23 23:05:31');
INSERT INTO items VALUES(40,198,1,16,'2011-01-24 07:21:12','2011-01-24 07:21:12');
INSERT INTO items VALUES(41,191,1,16,'2011-01-24 07:21:39','2011-01-24 07:21:39');
INSERT INTO items VALUES(42,191,1,18,'2011-01-24 07:24:21','2011-01-24 07:24:21');
INSERT INTO items VALUES(43,194,1,18,'2011-01-24 07:25:13','2011-01-24 07:25:31');
INSERT INTO items VALUES(44,218,1,18,'2011-01-24 07:25:18','2011-01-24 07:25:18');
INSERT INTO items VALUES(45,191,1,20,'2011-01-24 18:16:33','2011-01-24 18:16:33');
INSERT INTO items VALUES(46,195,1,20,'2011-01-24 18:16:36','2011-01-24 18:16:36');
INSERT INTO items VALUES(47,191,1,21,'2011-01-24 21:25:20','2011-01-24 21:25:20');
INSERT INTO items VALUES(48,195,1,21,'2011-01-24 21:25:23','2011-01-24 21:25:23');
INSERT INTO items VALUES(49,193,1,23,'2011-01-24 21:31:19','2011-01-24 21:31:19');
INSERT INTO items VALUES(50,194,1,30,'2011-01-24 21:49:30','2011-01-24 21:49:30');
INSERT INTO items VALUES(51,215,1,30,'2011-01-24 21:49:32','2011-01-24 21:49:32');
INSERT INTO items VALUES(52,193,1,31,'2011-01-25 10:24:18','2011-01-25 10:24:18');
INSERT INTO items VALUES(53,196,1,31,'2011-01-25 10:24:20','2011-01-25 10:24:20');
INSERT INTO items VALUES(54,191,1,32,'2011-01-25 10:49:39','2011-01-25 10:49:39');
INSERT INTO items VALUES(55,195,1,32,'2011-01-25 10:51:15','2011-01-25 10:51:15');
INSERT INTO items VALUES(56,192,1,32,'2011-01-25 12:51:51','2011-01-25 12:51:51');
INSERT INTO items VALUES(57,191,1,33,'2011-01-25 14:42:39','2011-01-25 14:42:39');
INSERT INTO items VALUES(58,195,2,33,'2011-01-25 14:42:41','2011-01-25 14:42:43');
INSERT INTO items VALUES(59,277,1,34,'2011-01-25 22:29:10','2011-01-25 22:29:10');
INSERT INTO items VALUES(60,282,1,34,'2011-01-25 22:29:13','2011-01-25 22:29:13');
INSERT INTO items VALUES(61,191,1,38,'2011-01-27 14:14:12','2011-01-27 14:14:12');
INSERT INTO items VALUES(62,193,2,38,'2011-01-27 14:14:15','2011-01-27 14:14:18');
INSERT INTO items VALUES(63,191,1,41,'2011-01-27 21:12:02','2011-01-27 21:12:02');
INSERT INTO items VALUES(64,192,2,41,'2011-01-27 21:12:05','2011-01-27 21:12:07');
INSERT INTO items VALUES(66,191,1,42,'2011-01-27 21:12:35','2011-01-27 21:12:35');
INSERT INTO items VALUES(67,193,1,42,'2011-01-27 21:12:37','2011-01-27 21:12:37');
INSERT INTO items VALUES(68,195,1,42,'2011-01-27 21:12:38','2011-01-27 21:12:38');
INSERT INTO items VALUES(69,198,1,42,'2011-01-27 21:14:52','2011-01-27 21:14:52');
INSERT INTO items VALUES(78,425,1,44,'2011-02-06 23:06:45','2011-02-06 23:06:45');
INSERT INTO items VALUES(79,461,1,44,'2011-02-06 23:07:05','2011-02-06 23:07:05');
INSERT INTO items VALUES(80,462,1,44,'2011-02-06 23:07:12','2011-02-06 23:07:12');
INSERT INTO items VALUES(81,607,1,51,'2011-02-07 15:05:30','2011-02-07 15:05:30');
INSERT INTO items VALUES(82,609,1,51,'2011-02-07 18:20:40','2011-02-07 18:20:40');
INSERT INTO items VALUES(84,605,1,51,'2011-02-07 18:30:28','2011-02-07 18:30:28');
CREATE TABLE sites (id INTEGER PRIMARY KEY AUTO_INCREMENT NOT NULL, name varchar(255), domain varchar(255), theme varchar(255), created_at datetime, updated_at datetime, phone varchar(255), address varchar(255), content text, directions text, latlong varchar(255), menus_template integer, checkout_template integer, galleries_template integer, homepage_template integer, location_template integer, offers_template integer, people_template integer, reservations_template integer, testimonials_template integer, dishes_template integer, orders_template integer);
INSERT INTO sites VALUES(1,'Plane Food','planefood.com','planefood','2010-09-30 17:24:56','2011-02-07 10:10:39','01234 567 891','225 Bedford Hill, London, SW12 9HU','<br>We are a modern European restaurant located in the heart of Balham in South London, specialising in simple food, s full of character.&nbsp;<br><br>Blending the traditional with the modern, our dishes are all prepared with the freshest of seasonal ingredients, served with wine from our extensive cellar.&nbsp;<br><br>Our menus are updated every day and you can view them from this website. If you would like to make a reservation you may do so from this website, or if you would prefer you may call us on 0208 657 4563 We look forward to entertaining you soonthat','Our restaurant is located on Balham High Street, which is easily accessible by whichever means of transport you will be using.<br><br>Balham has both a National Rail station, which connects to London Victoria, and an underground station which serves the Northern Line.<br><br>From the station, we are halfway up the high street in the direction of Clapham (away from the railway bridge), on the right hand side of the road. It should be a 5 minute walk from the station.<br><br>If you are coming by car, there are a couple of parking spaces available immediately outside the restaurant, and there is a public pay and display car park on Church street.','(51.3354461, -0.0868891)',3,NULL,2,NULL,1,1,1,1,1,3,NULL);
INSERT INTO sites VALUES(4,'The Grill','thegrill.com','thegrill','2010-11-28 19:23:33','2011-01-27 22:16:27','020 7654 2345','25 Balham High Street, Balham, SW12 9HY','We are a modern European restaurant located in the heart of Balham in South London, specialising in simple food, s full of character.&nbsp;<br><br>Blending the traditional with the modern, our dishes are all prepared with the freshest of seasonal ingredients, served with wine from our extensive cellar.&nbsp;<br><br>Our menus are updated every day and you can view them from this website. If you would like to make a reservation you may do so from this website, or if you would prefer you may call us on 0208 657 4563 We look forward to entertaining you soon','Our restaurant is located on Balham High Street, which is easily accessible by whichever means of transport you will be using.<br><br>Balham has both a National Rail station, which connects to London Victoria, and an underground station which serves the Northern Line.<br><br>From the station, we are halfway up the high street in the direction of Clapham (away from the railway bridge), on the right hand side of the road. It should be a 5 minute walk from the station.<br><br>If you are coming by car, there are a couple of parking spaces available immediately outside the restaurant, and there is a public pay and display car park on Church street.','(51.3354461, -0.0868891)',1,NULL,2,NULL,1,NULL,1,1,1,NULL,NULL);
INSERT INTO sites VALUES(5,'Malago','malago.com','malago','2011-01-22 19:11:54','2011-01-28 08:48:09','020 8123 4567','188 Macmillan Way, Tooting, London, SW17 6AW','We are a modern European restaurant located in the heart of Balham in South London, specialising in simple food, s full of character.&nbsp;<br><br>Blending the traditional with the modern, our dishes are all prepared with the freshest of seasonal ingredients, served with wine from our extensive cellar.&nbsp;<br><br>Our menus are updated every day and you can view them from this website. If you would like to make a reservation you may do so from this website, or if you would prefer you may call us on 0208 657 4563 We look forward to entertaining you soon','Our restaurant is located on Balham High Street, which is easily accessible by whichever means of transport you will be using.<br><br>Balham has both a National Rail station, which connects to London Victoria, and an underground station which serves the Northern Line.<br><br>From the station, we are halfway up the high street in the direction of Clapham (away from the railway bridge), on the right hand side of the road. It should be a 5 minute walk from the station.<br><br>If you are coming by car, there are a couple of parking spaces available immediately outside the restaurant, and there is a public pay and display car park on Church street.','(51.3354461, -0.0868891)',3,1,1,NULL,1,1,1,1,1,NULL,NULL);
INSERT INTO sites VALUES(10,'Example','example.com','example','2011-01-25 22:18:37','2011-02-13 16:01:43','020 8123 4567','25 Bedford Hill, Balham, London, SW12 9HU','We are a modern European restaurant located in the heart of Balham in South London, specialising in simple food, s full of character.&nbsp;<br><br>Blending the traditional with the modern, our dishes are all prepared with the freshest of seasonal ingredients, served with wine from our extensive cellar.&nbsp;<br><br>Our menus are updated every day and you can view them from this website. If you would like to make a reservation you may do so from this website, or if you would prefer you may call us on 0208 657 4563 We look forward to entertaining you soon','Our restaurant is located on Balham High Street, which is easily accessible by whichever means of transport you will be using.<br><br>Balham has both a National Rail station, which connects to London Victoria, and an underground station which serves the Northern Line.<br><br>From the station, we are halfway up the high street in the direction of Clapham (away from the railway bridge), on the right hand side of the road. It should be a 5 minute walk from the station.<br><br>If you are coming by car, there are a couple of parking spaces available immediately outside the restaurant, and there is a public pay and display car park on Church street.','(51.3354461, -0.0868891)',4,1,1,1,1,1,1,1,1,4,2);
CREATE UNIQUE INDEX unique_schema_migrations ON schema_migrations (version);
CREATE UNIQUE INDEX index_users_on_email ON users (email);
CREATE INDEX index_users_on_remember_token ON users (remember_token);
COMMIT;
